A,3.932457,4.287084,10.42986,5.604527,5.705706,1.318953,4.444425,6.265062,2.979902,3.865263,7.085574,7.919616,8.418816,5.533923,3.227735,1.723763,5.235139,3.466977,9.622339,3.518163,1.269028,3.748685,4.112806,5.354793,7.447905,4.665797,0.1262388,6.958544,3.856683,8.969561,4.761958,5.189552,1.034443,12.24362,11.40071,8.250593,4.68615,8.174363,9.843736,2.746033,5.900303,4.942383,5.291568,3.699784,5.00701,0.7633668,7.206478,1.260328,3.828131,1.639072,4.852469,-0.5402544,-0.5781812,8.125599,6.094132,4.41135,3.134623,1.309618,11.18907,9.137203,1.568758,7.342093,1.421043,7.390249,3.873278,3.414237,5.63715,6.557586,8.414093,8.448154,5.965867,1.115688,10.81825,4.15106,7.140748,1.530226,2.393385,5.386823,4.660926,5.529147,9.321351,4.328145,3.688892,6.008127,7.641033,2.460695,3.835877,3.789179,6.17191,8.477446,6.405105,5.652426,6.205214,11.17876,-0.9697544,0.9285703,1.299159,6.179824,8.971552,4.379662,1.328429,9.911736,3.36947,6.264349,4.369011,-0.2728532,4.231469,-0.1745339,7.634395,7.837282,5.925527,8.992152,-1.729587,8.45411,5.652959,7.059021,7.652139,3.096768,5.081425,4.196652,0.7571426,10.80604,3.89696,1.094607,5.011748,5.092317,1.088023,7.781208,6.971252,4.288376,8.121453,4.330389,7.6231,-0.7980436,6.922764,2.618003,5.943547,5.07476,6.799555,3.936274,6.542801,-0.578473,-0.8097687,5.983005,1.491359,4.62752,3.772216,2.896067,8.579075,11.50803,10.11711,7.52271,1.832922,5.571285,3.953722,2.186885,1.223047,5.502726,6.101764,0.9715086,6.773849,1.748852,1.889247,7.276791,1.72257,5.526814,5.767919,3.078466,6.414809,2.933256,5.817227,4.095001,7.99135,5.570961,4.255125,5.264938,1.979288,4.258746,0.6883309,3.982971,1.971047,6.847831,6.770465,3.076714,-2.678659,0.9339221,3.062868,2.268312,7.395743,7.862364,9.289236,1.755789,3.999705,4.753999,4.938009,8.456771,5.436747,3.258885,4.215131,2.617147,4.689954,-2.245216,10.08554,10.32006,3.646228,6.511791,4.86395,2.726119,14.3534,2.273425,0.1944628,5.458343,3.352493,2.970976,0.5181862,8.795179,7.229012,8.221389,1.442646,0.5977912,7.696933,7.384543,2.24177,6.482087,6.011901,-0.2065885,0.9644638,0.06306981,3.523725,2.893841,6.917029,4.870831,8.719396,-1.222629,4.75604,5.645808,3.091576,5.341831,6.242782,1.958361,7.320555,9.222955,9.739867,-2.375971,2.747556,6.375582,7.704696,3.548185,3.704204,3.776615,0.3268402,2.583089,8.088557,6.143618,4.076005,3.296327,2.800846,1.792794,5.976726,1.660998,0.7311935,5.39194,3.963299,3.309639,2.142051,6.241196,13.28426,9.141611,3.897727,8.501556,5.844621,6.56713,3.001093,7.52427,5.468641,3.311649,6.055105,5.497025,5.253887,6.11766,5.265704,8.755085,6.399759,-0.3372762,6.445964,6.859067,3.333897,0.9017706,6.330155,4.73247,5.768549,0.9200707,7.048447,5.307822,3.90589,-0.008275603,5.961523,2.200652,11.7189,1.612508,5.287565,3.413706,5.886069,11.14938,8.068324,8.280253,3.75061,1.774188,10.68653,0.3127178,5.882952,4.621183,4.771561,5.985901,-0.09930853,5.459157,3.105006,1.5429,8.276423,-3.584184,9.711478,3.340282,3.924727,9.078327,3.647467,6.784094,2.632443,-1.364248,2.95838,3.738834,8.798112,4.315624,4.235383,5.615599,5.523755,5.526385,6.456334,3.886464,2.374448,7.58949,4.160156,2.729722,6.682055,0.4810985,4.167666,6.119452,8.606246,6.643702,8.83933,1.336694,8.489943,3.123,9.433105,6.241495,5.659763,2.17534,4.705955,3.309588,7.721247,6.601586,-2.458711,2.294501,6.829508,5.233731,3.881245,3.281896,1.280667,7.211698,5.734418,0.2626807,9.500226,2.962837,1.151579,4.294364,5.09288,-0.02383649,5.464504,2.886659,4.077134,4.276986,-1.249462,4.366284,6.735751,4.723603,9.855767,7.964452
B,0.7825703,0.5034012,0.9852401,0.5667915,0.8672831,0.9383322,0.8967604,0.8461889,0.6822663,0.9003361,0.6367019,0.5803499,0.6426813,0.724632,0.8018836,0.7963269,0.8306283,0.6560935,0.6617673,0.3519986,0.6780504,0.7407951,0.9427789,0.6707924,0.9384002,0.6340306,0.7940749,0.7052034,0.3631786,0.8792272,0.9893865,1.133016,0.814263,0.8629444,0.9898808,0.6024846,0.7483303,0.852155,1.206505,0.5805102,1.013012,0.7197019,0.3591054,1.101922,0.6561846,0.9025106,0.8698281,0.7934539,0.6632095,1.038457,1.007658,0.5077091,0.983939,0.7692755,0.9525104,0.9092403,0.5993305,0.7172563,0.5517301,0.5186942,1.098912,1.025654,0.2316725,0.9644983,0.6537158,0.8741064,0.738352,1.011794,0.6862735,0.8539083,0.8284757,0.6337842,0.5832444,1.070204,0.7983419,0.704894,0.9434949,1.28921,0.6985782,0.7858978,0.6925454,0.8733528,1.054805,1.297245,0.4552224,0.3670186,0.8106571,0.8286551,0.4781517,1.030966,0.6912631,0.7917569,0.6623154,0.8758597,0.5891248,0.8297987,0.6537134,0.5656469,0.9304909,0.4965776,0.6508569,0.8862319,1.060848,0.6033132,0.5974666,0.3405604,0.4723645,0.9241287,0.9977626,0.421642,0.9869805,0.4689459,0.754007,0.672291,0.8422909,0.7147989,0.6549067,0.5598621,0.6086403,1.028225,1.081744,0.988954,0.6193923,0.7011457,0.8693877,0.6391951,0.7402928,0.7316119,0.9360538,0.6078725,0.7110349,0.9710985,0.909804,0.7395452,1.090446,0.7943604,0.9668504,0.6875181,0.6354715,1.106842,1.186575,0.754485,0.7649427,0.6587966,0.5793314,0.8375847,1.027489,0.7033683,0.5413168,0.8666725,0.5668413,0.6303828,1.072239,0.7067536,0.506915,0.7823169,0.6834016,0.6462176,0.8952621,0.8043712,0.7395876,1.04203,0.8569325,0.8649561,0.971038,0.9962333,0.6903528,0.538395,0.6199935,1.006515,0.6172621,0.7513589,0.8431809,0.8496321,0.9634514,0.6588791,0.9409598,0.9799329,0.8916864,0.9148205,1.095054,0.5618325,0.4847964,0.8028045,0.7481852,0.759364,0.6771956,0.6589278,0.5923772,0.9159964,0.5601759,0.9458151,0.6496661,0.969277,0.7490387,0.7448528,0.5262951,0.8705456,0.3416533,1.137924,0.8237135,0.9890901,0.7549566,0.134011,0.7839315,0.6164914,0.8660107,0.6036077,0.637294,1.040331,0.8981256,0.7096407,0.592415,0.4679475,0.5108223,0.8947964,0.8527545,0.9693242,0.810788,0.8862236,0.7992603,0.9144333,0.7968544,0.8573346,1.113089,0.7317687,1.085726,0.8812714,0.9043261,0.9024764,0.9434728,0.7538475,0.386795,0.8518933,0.7248404,0.7419672,0.8429673,0.693059,0.8599937,0.4743058,0.614424,1.02743,1.113686,0.8460898,0.5859808,0.6690368,0.7187069,0.6759265,0.7089344,0.8542629,0.8658724,0.8816296,1.016057,0.7839928,0.9495156,0.7470335,1.081778,0.8150569,1.014253,0.6183229,0.8571223,0.807165,1.055696,0.5343628,0.7997192,0.9603638,0.4443215,0.9721351,0.7865792,0.9799044,1.133957,0.9308785,0.8810368,0.7588466,0.9639833,0.754368,0.7015676,1.072923,0.3870132,0.354127,0.9998777,0.9307861,0.6174277,0.7948695,0.7017069,0.6311252,1.099461,0.8234904,0.9444528,0.6510903,0.9175672,0.9363776,1.179772,0.7745268,0.4149329,0.7178876,0.9672464,0.8572543,0.8298133,1.044242,0.8239799,0.8912375,0.9271821,0.9288847,0.9350826,0.598257,0.5802811,0.5641094,0.6167994,0.6973045,1.033748,0.6321676,0.3248686,1.081375,0.8670993,0.6599965,0.7476884,0.6977679,0.6375184,0.9004461,0.9552028,0.8153289,0.6812799,0.7581726,0.9458264,1.009165,0.8578874,1.140878,1.114954
C,2.292364,2.851922,2.714719,2.75738,2.136284,2.339266,2.89825,2.143779,2.507236,2.59396,1.916936,2.334161,3.292282,1.934144,2.569017,3.063079,2.516794,2.500402,3.024511,2.272961,2.568606,2.851681,2.451927,2.692431,2.133684,2.788923,2.316304,2.859946,2.225921,1.803341,3.162692,2.206082,2.850874,2.743758,2.742195,2.356136,2.291787,2.695523,2.916327,2.673094,2.596483,2.662182,2.654002,2.580115,2.394109,2.91499,2.56406,2.663212,2.798429,3.049452,2.592112,2.571177,2.365171,2.796467,1.9993,2.193279,2.589385,2.609395,2.671363,2.149775,2.155626,2.481018,2.150213,2.801219,2.814086,2.029315,2.775797,2.550638,2.765306,2.949382,2.462071,2.223374,2.438168,3.000005,2.707747,2.943556,2.81416,1.998672,2.389529,2.484116,2.250363,2.02551,1.855934,2.540917,2.71284,2.220065,2.537757,2.362459,2.316189,1.980984,2.001305,2.768391,2.813951,2.258071,2.452141,2.341499,2.186751,2.499542,2.363885,2.077501,2.652784,2.420001,2.28592,2.871362,2.542133,2.130356,2.28939,2.756413,2.699192,2.195525,2.553803,2.690882,1.930187,2.716743,2.559304,2.499601,2.904604,2.202498,2.333246,2.266461,2.541815,2.413042,2.541136,2.341953,2.333523,1.708736,2.595975,2.838515,2.697398,2.256771,2.376473,1.785369,2.343442,2.199305,2.586858,2.54404,2.544584,1.938451,2.414431,2.341882,2.746979,2.93808,2.685295,2.580031,2.202054,2.509198,2.280034,1.989998,2.878024,2.7125,2.219203,2.624553,2.359272,2.362018,2.760916,2.365825,2.769697,2.345943,2.094644,2.708463,2.862252,2.716237,2.633885,2.664306,2.742943,2.737918,2.57551,2.087323,2.624639,2.353514,2.451082,2.737884,1.978123,2.698587,2.14067,1.952768,2.930361,2.20414,2.735459,2.628329,2.156537,2.381628,2.903973,2.458296,2.657588,2.36897,2.379149,2.40833,2.448341,2.974791,2.21839,2.864185,2.258353,2.61099,2.704845,2.840646,2.632103,2.455317,2.468797,2.841031,2.339778,2.366277,2.002678,2.501514,2.123369,2.525428,2.577501,2.674203,2.313695,2.336604,2.303429,2.280947,2.655594,2.483406,2.80123,2.756848,2.488175,2.944008,3.092761,2.760618,2.379085,2.673235,2.710498,2.513734,2.447334,2.6755,2.506602,2.408601,2.425952,2.177468,3.093891,2.625783,2.562314,2.129118,1.979769,2.274863,3.273989,2.612278,2.429138,2.472996,2.053051,2.520281,2.381429,2.674027,2.396184,2.760029,2.513654,2.705065,2.23073,2.541337,2.446282,2.382819,2.820095,2.485433,2.482015,2.438248,1.975654,2.94166,2.397567,2.1045,2.400551,2.405404,2.555132,2.812188,2.456721,3.156291,2.653407,2.115302,2.466138,3.335216,3.130581,2.932825,2.509149,2.761263,2.428314,2.290213,2.665223,2.246668,2.396874,3.304124,2.271685,2.928806,3.078768,2.744401,2.138188,1.914967,2.175908,2.656237,1.821656,2.973096,2.469011,2.548188,2.097145,2.751114,2.473084,2.350541,2.710097,3.021642,2.468516,2.377683,2.560086,2.287611,2.42196,2.581193,2.482351,2.60414,2.507736,2.469825,2.48932,2.905622,2.505073,2.121226,2.251346,2.715799,2.851747,2.377021,2.74,2.771479,2.056925,2.513212,2.571248,2.306994,2.082278,2.521117,3.279533,2.890556,2.972902,2.376827,2.441044,2.413772,2.68203,2.615958,2.310187,2.101942,2.132277,2.611381,2.565445,2.457652,3.010702,2.987177,2.179764,1.982066,2.142839,3.154418,2.490589,2.340873,2.603318,2.569597,2.432366,2.546002,2.985386,2.219791,2.901485,2.857494,2.659832,2.684738,2.585694,2.783256,2.592975,2.476901,2.696649,2.505624,2.515933,2.52609,2.317387,2.309609,2.375671,2.136898,2.789604,1.683558,2.433727,2.638724,2.079905,2.720374,2.779905,2.667174,2.805241,2.308414,2.32945,2.262733,1.96943,2.353656
D,10.2673,11.77264,11.57301,11.31267,11.61125,11.00617,9.757741,13.7249,10.42978,11.8493,12.89818,9.773982,12.45974,9.726474,9.086853,12.4075,9.410253,11.62464,11.59659,10.4443,10.8247,9.984316,9.217603,10.2814,11.51017,10.90194,11.05289,11.30473,10.98536,9.178562,9.482995,11.62195,9.550266,7.630269,9.223827,10.32687,9.065741,9.879039,9.79198,12.06296,10.69956,10.21738,10.38419,10.1769,10.54965,12.30182,11.96119,11.96313,13.36892,8.263192,7.345655,12.83565,10.2744,9.517175,10.12357,9.000565,11.54319,10.4723,11.35502,13.74434,11.01421,14.6304,12.24387,12.46293,11.49729,9.606675,13.22103,10.52547,11.48506,10.82791,13.39513,11.04651,12.99229,9.711397,8.39471,10.54038,9.438263,11.29538,10.66218,13.82857,10.20066,13.41137,12.75406,9.468881,11.89218,13.2561,9.81095,8.69902,7.58057,8.65882,10.65665,10.85709,10.96285,11.78556,11.05821,9.900213,10.58925,10.69554,9.932444,10.84445,10.17449,9.89077,11.24392,8.877471,11.43424,11.25899,10.68572,9.508019,12.38646,9.778096,8.816349,13.04342,9.760489,12.88072,12.05469,9.869397,12.24341,12.45724,11.47796,11.96186,11.86827,11.87277,12.23449,10.76365,12.49216,11.03398,9.650993,9.095906,8.970532,10.18757,10.64377,8.809116,10.8208,12.22284,11.43217,10.67756,11.57959,11.58808,11.37938,10.58897,12.96298,12.02132,10.08503,12.90668,11.36029,9.760814,12.6531,11.38658,10.88612,9.652389,11.57304,9.415584,13.10023,13.3709,11.64947,8.34604,10.70293,11.97027,10.03037,14.46772,12.15355,11.53933,14.36501,12.17482,9.531398,13.00091,8.658028,11.51926,10.32716,11.49504,11.53377,10.96201,9.109461,10.55822,9.762579,10.76386,13.14628,11.90843,11.8621,12.20332,10.8574,9.845496,9.585905,10.7131,10.10542,8.141456,12.2412,11.08117,10.8903,9.470104,11.32695,9.803465,9.076929,10.68324,12.08393,9.638801,12.65669,11.72886,12.37515,11.54635,7.16334,12.29417,9.833863,8.908505,11.34481,11.22223,11.56693,10.32638,11.49539,11.24309,13.15176,12.02141,10.75614,10.27303,10.68441,8.809681,11.41728,13.80927,9.231273,10.10269,11.89885,10.42852,12.06996,10.84904,10.68615,11.58987,9.010035,12.20686,10.57222,7.748953,10.41034,11.70029,12.02038,11.75352,10.59731,11.40596,11.11202,8.867421,10.74219,9.990352,9.263515,12.69316,12.30725,9.122636,10.29861,11.90766,10.4555,10.43288,11.59432,10.41096,10.16451,13.48206,7.714113,11.81648,11.20671,12.97857,11.91593,10.94502,13.44059,12.06366,11.06052,12.06443,10.48912,10.21194,11.27188,7.64799,13.00036,11.67241,10.52308,11.39356,13.11514,12.99708,9.409291,10.57653,10.51505,9.888837,10.33363,11.41072,10.58803,12.1689,9.782233,12.08245,9.793405,10.47403,11.05336,12.44719,9.259596,8.944111,12.7087,9.167033,11.85094,10.87867,9.690043,10.50456,9.031217,9.305128,10.86561,11.33374,11.6026,11.7603,12.10343,11.849,12.33083
E,-10.15015,-9.231433,-8.254779,-8.576767,-9.284556,-9.606812,-9.599707,-8.93307,-8.643567,-10.76532,-8.53828,-9.938878,-7.372113,-9.880607,-8.89372,-10.13196,-8.895335,-9.072648,-7.998949,-9.717261,-8.000953,-9.777609,-8.640998,-7.649457,-10.16437,-8.590857,-9.687893,-9.055355,-9.510497,-10.8726,-9.640081,-8.995047,-8.779616,-9.311836,-8.212053,-8.521115,-8.37584,-9.556368,-9.520953,-9.254773,-10.03168,-9.262773,-8.431802,-9.459083,-8.853955,-9.317302,-10.91456,-9.541423,-9.884807,-9.19158,-9.854112,-8.853168,-9.373267,-8.259982,-9.59428,-8.828998,-9.087459,-8.64952,-8.973304,-8.594745,-8.548903,-8.554078,-8.20366,-9.602536,-8.62715,-7.761563,-8.841152,-8.352725,-8.87675,-9.205611,-8.593806,-8.477795,-9.064019,-9.214249,-8.994953,-8.977197,-8.81118,-9.220458,-8.64216,-9.173989,-8.179669,-10.10565,-9.093225,-8.543569,-8.851702,-7.636477,-10.4921,-8.774383,-8.762208,-8.060907,-8.741935,-9.773977,-7.006516,-10.05842,-9.582179,-9.160762,-9.181935,-8.253306,-8.109111,-8.273895,-8.973006,-9.721765,-8.151294,-7.795989,-8.767949,-8.00553,-10.11704,-9.126745,-8.476521,-8.80115,-9.954123,-9.653033,-9.387246,-8.603393,-9.375601,-10.25531,-8.433996,-8.00694,-10.17806,-9.445027,-10.03251,-10.87642,-6.651789,-8.954785,-8.414052,-8.832511,-9.399553,-8.428892,-9.488506,-8.594364,-8.252122,-7.694182,-9.842426,-8.246456,-9.622947,-9.559944,-9.011346,-9.783105,-8.055578,-10.20027,-8.038151,-8.626187,-9.476689,-9.548269,-9.655462,-9.570951,-10.08897,-8.971998,-9.942287,-8.146182,-6.97342,-9.783247,-7.96135,-9.489357,-9.895,-8.850997,-8.199951,-10.48665,-9.658148,-9.580309,-9.15059,-7.020289,-8.049722,-8.579694,-9.965314,-8.832954,-7.377729,-8.998821,-9.316397,-9.161818,-9.451185,-10.40732,-7.584648,-7.787406,-10.06395,-8.863024,-8.389003,-9.792429,-9.4866,-9.342431,-8.981304,-10.34227,-8.755465,-8.905112,-10.05747,-9.480699,-8.872849,-8.858009,-8.575701,-8.949592,-8.353995,-8.682151,-9.025781,-8.536549,-9.997049,-10.09891,-8.393819,-8.981967,-8.319841,-9.254373,-9.881795,-8.914613,-8.363914,-10.09152,-8.713899,-10.5565,-9.226459,-10.49893,-8.877284,-8.586409,-9.363615,-7.422117,-7.812836,-9.812343,-8.921957,-11.09717,-9.487658,-9.514413,-8.35785,-8.269896,-7.362967,-9.227802,-8.499884,-8.924426,-9.425902,-10.03373,-9.950643,-8.240216,-9.954953,-8.688163,-8.598142,-8.812867,-7.147964,-9.154351,-9.369089,-9.039198,-8.538407,-9.083495,-10.5221,-8.413934,-9.796641,-9.510164,-8.570744,-8.030307,-9.744366,-9.163528,-8.603929,-9.219779,-8.320734,-9.86984,-8.284222,-7.34663,-9.117903,-9.360063,-8.511552,-8.775413,-9.447153,-8.726946,-9.776419,-9.143314,-9.358631,-9.449887,-8.158909,-8.228084,-8.536496,-8.899477,-7.915923,-9.362597,-9.357097,-8.393524,-8.992814,-8.423814,-8.529737,-9.782614,-9.234464,-9.612962,-8.877786,-9.605974,-7.48938,-7.297557,-8.854248,-8.530642,-8.412434,-8.017984,-8.624464,-9.607539,-7.592355,-9.726811,-8.046268,-10.10797,-9.73815,-8.260284,-8.900829,-9.767342,-8.752854,-8.858601,-9.752486,-8.588659,-9.48618,-8.561124,-9.308,-9.231135,-8.813978,-7.909799,-8.699392,-8.935329,-9.075501,-9.48584,-9.368821,-8.690419,-8.43623,-8.678083,-9.953422,-9.825042,-9.190833,-9.437698,-9.394569,-9.990437,-10.14798,-9.155764,-8.291922,-8.569504,-9.187958,-8.934994,-9.18091,-8.563065,-9.833552,-8.054543,-9.212181,-9.272621,-9.402062,-8.833947,-9.904027,-8.789272,-8.045183,-8.917014,-9.81433,-9.077047,-10.05369,-9.291079,-8.903086,-8.567521,-8.747547,-8.553061,-8.324322,-8.650196,-9.239841,-8.452912,-8.710187,-8.509886,-9.075652
F,2.448266,13.56108,-2.202369,9.058207,6.203805,2.810465,-3.097563,-17.83001,-8.486363,-3.362628,-3.905972,0.1766619,0.4567607,3.114735,9.74422,4.700156,-2.002863,8.467701,3.540077,-17.99027,0.4124283,-7.832695,-1.937815,1.737033,2.395556,-17.99427,9.131667,2.691313,5.40827,11.87666,-4.427294,-7.7457,10.3418,2.49546,19.21334,1.52623,2.660636,-9.470309,14.03522,7.753721,-10.69114,11.87406,12.15985,2.624949,15.68311,5.537856,-4.449223,9.899761,-3.830027,-0.1076668,18.36652,1.228083,-11.12208,0.2424976,3.555307,-0.6685254,-4.845092,16.99837,-7.850448,15.63041,11.82046,-10.10076,-14.92658,3.73886,-14.27233,-7.62831,-1.151163,-5.598329,1.647323,8.208267,4.72657,5.98053,-15.95241,1.003215,-5.233739,8.22966,2.516174,3.956506,2.77914,-4.416658,14.71465,18.4789,2.459729,0.5315104,5.926905,-0.6530673,8.865312,-5.469383,-0.1368716,6.79848,3.339247,5.562825,9.833253,-13.83694,1.584099,8.816184,-5.551702,-3.488289,8.695371,2.650501,-2.083913,9.843243,4.338273,-11.78856,6.785001,-10.07053,-11.50048,-5.731752,10.18772,16.85592,-0.07158402,4.706002,3.521863,5.203005,-3.013749,-10.58745,-0.3208254,-0.1553452,1.295727,18.04918,2.609708,8.122653,-0.7461584,-2.472398,-19.70851,7.699438,-1.085038,4.593205,-0.7163133,7.683832,-0.7339944,-6.521892,2.548014,1.73097,-7.192397,-2.320664,11.6764,-0.4519852,4.496316,17.2168,-7.814636,6.941743,8.908872,-12.89304,-17.72511,2.306822,-5.074747,7.593173,-4.882826,-7.422412,2.866455,3.914229,3.33406,-3.296102,9.01393,10.75597,-1.345321,-9.492031,10.3221,15.61068,20.95528,3.035665,-14.17643,1.684975,2.641553,-2.433403,4.246482,11.43246,-8.993694,4.243258,-3.483508,-2.424714,8.625976,9.632797,8.61338,7.111104,-6.59463,1.817995,-4.826957,-3.33941,-0.8507949,3.359711,-14.36338,3.958616,7.83293,-7.700736,14.49547,-3.650229,-0.4024953,-3.562819,5.52098,7.566988,5.4142,-5.581177,11.56757,-3.555376,-6.419808,-7.501074,-14.7381,9.17004,-1.17328,9.488996,5.341473,-10.20737,12.95695,7.592882,11.34179,7.935638,2.725091,4.050006,4.876044,6.537504,7.311812,8.438026,5.741179,8.425908,18.90918,3.653672,-2.73116,1.158072,1.740432,11.49282,3.768775,-1.327622,1.171699,-2.642045,-7.516598,1.820619,-10.73991,-1.837395,3.564664,2.072697,18.22695,-8.710759,11.42448,-5.819415,3.775084,-0.3846618,-5.874593,4.055197,-0.4216015,3.370959,-10.38788,-11.47375,5.920498,5.184928,-1.539616,2.112756,-2.74634,10.00935,-8.802299,9.074417,13.3726,10.04115,4.93626,5.271111,10.28329,4.540206,-0.6411785,2.950182,0.9182468,3.7048,-0.7262296,-4.971163,-0.3703911,5.849419,6.303752,-3.413643,11.08212,0.1704716,9.186543,8.280489,10.6676,-15.45012,3.368551,7.103884,-2.411454,0.7603693,3.289219,1.477344,-1.137227,12.62368,6.302727,-3.801668,4.993153,2.549931,0.5488327,-13.26044,-0.4930938,15.6808,-7.612969,10.82753,0.43914,6.426592,-4.758045,-2.495049,-4.67713,1.623772,-0.5382427,-3.972641,-5.473292,1.506482,23.79594,2.134797,1.694141,2.997783,-13.32716,3.120705,2.701043,-2.808812,5.442875,3.607189,-5.834659,-16.54822,-1.671313,2.564915,10.20509,-12.56245,-3.389021,-10.53581,-0.6660271,-3.290245,12.88498,3.254662,11.13657,1.801127,7.777544,4.057971,7.0719,6.59871,0.5041359,7.006484,16.40303,-11.06533,-6.451497,-4.325621,12.55981,6.224593,1.516763,-12.34246,6.991843,16.99454,-0.3716924,11.04729
G,1.313711,1.257006,1.379185,1.500448,1.701602,1.538758,1.089959,1.778412,1.777628,1.409329,1.374353,1.476963,1.543329,1.468644,1.315993,1.047674,1.628877,1.625404,0.9123414,1.609947,1.532727,1.295338,1.6866,1.301048,1.440919,1.476002,1.817516,1.541808,1.623925,1.342936,1.660279,1.390527,1.679245,1.48145,1.800895,1.562649,1.675277,1.658487,1.420016,1.446854,1.727254,1.460901,1.700361,1.566702,1.44355,1.458995,1.433673,1.356459,1.636655,1.55302,1.248887,1.200711,1.585538,0.9371699,1.310783,1.735661,1.430339,1.796072,1.397657,1.348946,1.881474,1.44285,1.357113,1.979036,1.354828,1.422541,1.374376,1.601089,1.66745,1.42406,1.640462,1.477396,1.345665,1.631776,1.490801,1.753543,1.023581,1.44972,1.466858,1.367017,1.77274,1.636115,1.214101,1.227453,1.607745,1.294654,1.501853,1.215115,1.654379,1.530292,1.667734,1.544251,1.57629,1.346022,1.213954,1.724681,1.263786,1.684455,1.93647,1.257046,1.149311,1.404884,1.230144,1.307274,1.311001,1.221975,1.757728,1.665573,1.510624,1.739053,1.504331,1.449597,1.378276,1.29874,1.573827,1.652004,1.35864,1.482437,1.312814,1.022243,1.299038,1.652863,1.245116,1.503489,1.418814,1.41581,1.429643,1.763881,1.605842,1.380858,1.564537,1.224091,1.154609,1.171201,1.841558,1.80914,1.915105,1.417559,1.390142,1.583612,1.399528,1.142093,1.301478,1.959158,1.480831,1.519233,1.345481,1.723327,1.758032,1.40015,1.863891,1.186868,1.42324,1.569604,1.61543,1.754317,1.918262,1.451693,1.593959,1.313963,1.041604,1.216834,1.243998,1.608003,1.514864,1.270777,1.617458,1.234321,1.622397,1.392253,1.404754,0.9052583,1.611639,1.526291,1.543998,1.129017,1.179369,1.411086,1.393963,1.81439,0.9965666,1.657407,1.467213,1.565753,1.491529,1.412492,1.511048,1.122568,1.585747,1.293004,1.210355,1.325171,1.483744,1.550024,1.937516,1.169718,1.663058,1.811361,1.946033,1.300928,1.750644,1.29397,1.511617,1.457422,1.341656,1.97218,1.616952,1.429668,1.551025,1.215464,1.956587,1.147116,1.432236,1.551177,1.148478,1.441512,1.582304,1.618342,1.330985,1.675034,1.187916,1.714925,1.413262,1.514165,1.588291,1.65257,1.449606,1.255872,1.334752,1.307894,1.611506,1.08617,1.263316,1.329427,1.371559,1.497333,1.275943,1.532747,1.591097,1.603433,1.820261,1.375255,1.319666,1.482897,1.878287,1.146929,1.406774,1.599105,1.170999,1.21942,1.271257,1.571804,1.198013,1.611123,1.42009,1.487949,1.357537,1.226611,1.198817,1.496365,1.707978,1.607204,1.644428,1.31341,1.137782,1.6693,1.589145,1.52719,1.431686,1.678218,1.566711,1.028544,1.577377,1.485443,1.656242,1.691551,1.449243,1.301663,1.427162,1.347993,1.65015,1.523637,1.561423,1.517322,1.733776,1.582316,1.462871,1.372398,1.254712,1.783592,1.037385,1.751068,1.320764,1.193446,1.493482,1.294014,1.377846,1.103383,2.040304,1.937347,1.470398,1.426426,1.88614
H,1.23577,3.469745,1.759866,-0.8066692,2.062645,4.452893,0.7680615,1.607613,-0.6787725,0.1192305,4.031189,2.381296,-0.6027138,4.495795,1.077056,1.045743,3.109333,1.90919,1.604469,3.109134,0.3160345,0.686382,2.740099,-0.4355887,1.728157,1.785811,0.1567749,1.547366,-0.9745494,0.6024431,4.132928,2.770036,2.498129,5.014141,4.348698,-0.93249,3.128678,1.906716,4.51126,2.184538,4.365525,2.190244,2.278524,2.027926,3.911873,1.50076,4.324014,4.422812,0.8698905,2.44634,3.093994,1.418475,2.075647,3.612505,2.116759,2.362179,1.086816,0.1500603,3.827316,2.645685,-0.6956936,2.051,4.172459,-0.009281429,2.33151,1.662924,-0.1254972,2.494068,2.136956,0.6424194,2.315131,1.374931,1.585337,4.533307,1.770152,2.648366,2.121938,3.028063,1.854125,3.264253,-0.007574465,3.300847,2.695594,2.063399,3.231243,-0.374868,2.63356,3.848453,-0.02640828,4.756353,1.786021,3.662124,0.7573675,-0.5209799,-0.6913097,0.1549087,1.523187,1.801762,1.832846,-0.4298892,3.979464,1.392093,3.07356,3.013056,1.478709,3.037069,-0.04509446,1.937633,4.505772,4.719348,-1.19331,-0.2973093,2.810348,2.095274,4.74709,2.499129,4.40964,1.100798,2.051518,3.818348,1.560887,2.78783,3.394135,4.211225,1.295511,4.399689,3.112421,3.652962,3.422413,3.232628,2.918722,2.207092,1.739213,3.394436,1.028901,4.289187,0.5440726,1.135765,2.365825,0.3394515,0.8452512,2.575282,1.355089,3.672453,3.590372,0.2551825,2.032176,4.426077,1.322928,0.9627055,1.693065,2.04742,1.600471,1.000035,0.9911673,1.31418,3.454372,-0.3786677,-0.5665069,0.146244,1.937297,2.616744,2.474738,2.702458,2.445893,-0.203694,4.13149,0.405891,0.4464946,1.499809,0.8342395,3.146204,3.19481,0.6274107,3.088133,1.704762,0.4539139,2.258905,3.844036,5.05979,1.731893,4.450949,2.877669,2.913067,2.96265,-0.08735218,2.213089,3.302665,3.211607,0.7019905,2.902315,1.033727,4.791162,2.934895,0.4846887,1.743564,1.556538,0.5139975,-0.06578893,0.8208992,3.231677,4.327666,5.244896,0.7992208,2.051223,0.7314447,2.475423,2.964957,2.747637,3.252945,2.087972,1.815864,2.237942,2.573482,0.7094729,2.021242,2.691808,3.229358,2.917125,3.816543,2.516639,-1.906637,2.941439,0.2012803,-0.1285926,0.6795304,2.564364,1.513964,1.942231,2.38309,0.3864704,2.689401,0.4266995,1.565772,2.198264,0.609033,1.739818,2.649831,-0.7834733,4.120413,1.395459,1.421177,2.71251,1.620537,2.857413,4.912434,1.800575,2.641303,3.361508,2.293908,0.6518468,0.8660209,0.4616667,3.038178,-0.1760093,3.499359,0.9993367,0.1522934,2.79703,2.89268,2.640617,0.2079722,-1.126809,1.233921,2.303311,2.284812,1.795144,4.56138,2.105764,1.087551,4.115502,3.917073,2.831697,3.305111,4.657341,-0.6147369,3.716793,4.551576,2.234126,2.29316,0.9859054,2.844455,2.712385,3.378149,4.165336,1.533445,4.088178,0.9402534,1.942833,0.6997901,2.72808,4.750797,2.159317,3.961788,2.200679,1.540629,4.173108,4.548488,0.443511,2.107539,1.226918,2.550554,1.529289,-0.2113719,3.471289,0.3239718,0.150526,1.447378,1.851261,1.268953,4.574031,2.633547
I,-5.838802,-11.29503,-0.1886956,-2.795839,-2.624297,-10.37437,-0.452674,-1.830354,-9.020002,-6.504372,-1.332276,-4.373503,-0.6699167,0.7011477,-11.89343,-0.5089927,-4.676595,-0.8383051,-5.499002,-13.71924,-4.192938,-1.608755,0.9054264,-1.461735,-9.651763,-0.0001238833,0.802874,0.5736686,0.8654098,0.9894721,-1.725767,-3.329755,-5.514727,-1.486299,-4.602646,-5.351564,0.6150926,0.7208702,-7.079483,-19.22455,-6.306064,-10.90018,-16.66473,0.6898219,-0.8569488,-2.126088,-5.298202,-7.300717,-1.793406,-5.073619,-3.622374,0.1563582,-1.495115,-9.300738,0.8157693,-7.639162,-3.433654,-3.901836,-1.033047,-3.939608,-4.389114,-1.073423,-1.233311,-11.81244,-7.850406,0.5784516,-3.963746,-7.52437,0.08233471,-2.353888,-14.03558,-15.78877,-2.935991,-3.740361,0.07796092,-0.1296547,-0.9240889,-1.700837,-3.45014,0.8672851,0.6526016,-9.009488,0.5497292,0.933916,0.8856733,-4.856345,-2.886011,-0.2379538,-3.815941,-0.07437809,-6.596397,-3.731424,-0.3793899,-4.766334,-3.560932,0.9483233,-0.113256,0.04098844,-0.9677467,-0.1690676,-3.65482,0.1881373,-0.4030997,0.5595508,-0.6253081,-6.179568,0.3957425,0.4410361,-5.373665,-4.511663,-2.998483,0.6241935,-7.161969,0.9998406,0.8960887,-6.907648,-2.471837,0.0518344,-0.2617605,-13.77492,-2.557143,-0.7596416,-6.246144,-6.648915,-0.4454706,0.431291,0.5536511,-1.775878,-1.91752,-8.242458,-2.662583,-0.7847887,-15.34296,1,-1.296679,0.3197826,0.8455004,-0.5930603,-6.029939,-5.011084,1.000951,-1.353893,-5.043971,-3.177851,-2.937359,-6.252967,-4.424687,-0.9423195,-10.01054,0.4943635,0.3190886,-9.386022,-3.097456,-17.71722,-2.839105,-3.951024,0.7119319,-0.2117416,-4.166266,-5.822309,-1.464378,-0.05718873,-5.66834,-3.259213,-19.4444,-0.6012278,0.5524594,-6.014037,-0.1380561,-0.004958886,-1.048541,-0.8041154,-0.1198634,0.3776418,-6.561364,-3.249613,-1.140624,-2.741651,-9.936273,0.4131284,-2.358888,-4.487216,-0.01898197,-4.605204,-2.885185,-0.2994663,0.9911755,-2.574256,0.2864194,-5.626467,0.599576,-0.6741869,-0.1729617,-0.8229034,-0.8743106,-2.70605,-7.511114,-11.16177,0.6523276,-5.562008,-1.539531,-2.16581,-5.034011,-1.021593,-2.072753,-3.855701,0.6175081,-5.439622,-0.03656741,-7.156178,0.1602715,-0.8437992,-6.522485,-6.489672,-6.382426,0.180477,-8.000425,-12.15581,-1.24027,-0.8256653,-1.666012,-0.412857,-2.857546,-5.368717,0.03142136,-0.8675581,-4.478697,0.7822671,-1.739291,-5.90337,-9.699242,0.0687434,-0.1244745,-1.880579,-0.7956041,0.4272963,-13.38197,0.5239079,-4.193778,-1.132245,-1.77035,-5.22122,-2.115073,-0.1851836,1.059886,-10.72228,-3.287587,-9.176787,-4.592095,-11.2988,-3.322757,-2.987517,-7.460634,-1.056627,0.6241533,-2.218531,-17.96169,-2.355844,-1.225232,-2.198653,-11.15214,-0.7681565,-0.7677376,-2.175665,-6.584562,-0.255785,-0.4932742,-10.28037,-0.5806639,-5.690306,-4.286186,-9.520545,-0.8742092,-8.589885,-6.939599,-0.5399144,-0.5565403,-0.04644636,-2.126393,0.6557137,-0.9797003,-28.80922,-3.577715,-11.81393,-0.2099236,-3.345352,-4.180775,-2.000691,0.3844764,-15.23829,-2.016104,-4.515248,-7.108329,-19.45506,-2.357856,-0.1084151,-0.06495904,-2.146674,-36.73078,-0.4300327,-4.454928,-8.277842,0.427374,-0.6015447,-4.064706,0.8938918,-11.49152,-0.7976314,-15.11234,-7.258786,-0.73344,0.7721088,0.3914496,-0.8960632,-4.244529,0.2794102,-0.2804261,-0.6701767,-3.932201,-1.560295,0.8105025,-1.327027,0.9934925,-2.525256,-7.600074,-1.220033,-3.575661,-2.83612,-1.570647,-0.02466917,-6.679192,-2.052046,-0.3335989,-3.115797,-5.886483,0.5711992
J,4.571449,4.624081,4.651589,4.090001,4.75435,4.303956,4.74507,4.723657,4.635075,4.486472,4.633771,4.62583,4.725183,4.691019,4.45541,4.75067,4.569303,4.607749,4.685207,4.716223,4.513118,4.496256,4.499903,4.120818,4.533576,4.637895,4.516701,4.605666,4.608887,4.681622,4.471614,4.553357,4.582603,4.548297,4.65875,4.662108,4.278084,4.685297,4.522735,4.68733,4.714075,4.655067,4.209585,4.687799,4.669582,4.624083,4.737604,4.597805,4.752877,4.472896,4.174176,4.438816,4.602453,4.705175,4.447786,4.455671,4.604446,4.757304,4.502802,4.655472,4.667585,4.355318,4.62662,4.562566,4.520493,4.139651,4.554887,4.565989,4.572877,4.682199,4.723925,4.784247,4.681482,4.612237,4.685754,4.515923,4.569056,4.698454,4.751841,4.528007,4.690507,4.539761,4.661995,4.568152,4.708453,4.639396,4.631157,4.548843,4.663261,4.429704,4.649188,4.716594,4.58701,4.441634,4.536045,4.616911,4.539857,4.625164,4.28644,4.61778,4.656471,4.436222,4.516136,4.556875,4.471464,4.645013,4.571377,4.527454,4.440053,4.541354,4.687939,4.724699,4.633496,4.629309,4.647292,4.695841,4.05283,4.671547,4.642456,4.610236,4.614055,4.42838,4.581788,4.709416,4.770484,4.635202,4.620831,4.611579,4.590164,4.427986,4.671365,4.56862,4.490706,4.743551,4.60911,4.726381,4.461064,4.66671,4.633085,4.759836,4.596382,4.610384,4.797537,4.738959,4.352995,4.695295,4.529678,4.577605,4.4426,4.369606,4.373282,4.663964,4.561898,4.633591,4.128527,4.729912,4.695441,4.622021,4.683344,4.658731,4.677793,4.491512,4.423152,4.559727,4.555449,4.504343,4.686123,4.732001,4.560698,3.964383,4.648746,4.411135,4.64154,4.380716,4.10521,4.635665,4.642727,4.427072,4.462315,4.65812,4.605086,4.677666,4.765091,4.460579,4.662631,4.562317,4.770733,4.502345,4.680265,4.624716,4.69672,4.520368,4.499633,4.469682,4.691209,4.805105,4.699685,4.604445,4.655116,4.595163,4.681793,4.547716,4.714677,4.632993,4.597739,4.299626,4.488698,4.749109,4.655979,4.380027,4.738067,4.675483,4.496703,4.57953,4.628976,4.549013,4.568472,4.635789,4.518665,4.572057,4.625723,4.393803,4.622603,4.597939,4.632278,4.678025,4.726939,4.567296,4.692332,4.407786,4.60246,4.636353,4.712434,4.613672,4.605432,4.473596,4.680164,4.700607,4.610151,4.695792,4.697189,4.633542,4.528739,4.634185,4.613648,4.155046,4.439037,4.717168,4.60108,4.523065,4.697123,4.568583,4.619672,4.712253,4.395375,4.269857,4.381584,4.65403,4.659866,4.734246,4.67496,4.660202,4.633154,4.60359,4.496434,4.242294,4.762309,4.690013,4.645193,4.801994,4.64183,4.624186,4.700493,4.690942,4.638184,4.22265,4.55135,4.572521,4.652355,4.412958,4.42931,4.674913,4.610205,4.697248,4.466933,4.470339,4.705469,4.645451,4.711327,4.71909,4.374824,4.682722,4.361448,4.656767,4.569816,4.65208,4.429346,4.438296,4.574677,4.524121,4.513799,4.580031,4.5376,4.465959,4.430792,4.678837,4.6098,4.697864,4.717436,4.279501,4.456923,4.321932,4.607183,4.451035,3.89844,4.492528,4.678039,4.655456,4.616848,4.689622,4.494766,4.669473,4.522784,4.681556,4.527639,4.285881,4.58068,4.717413,4.670289,4.558398,4.470314,4.692004,4.658881,4.611092,4.589382,4.691917,4.421986,4.532631,4.527012,4.664049,4.371088,4.62829,4.637835,4.016796,4.6508,4.690785,4.746281,4.467434,4.233362,4.656932,4.603497,4.620992,4.463618,4.522389,4.683745,4.557485,4.524116,4.295,4.524401,4.584486,4.334452,4.309213,4.323692,4.467781,4.620499,4.713924,4.625544,4.646265,4.704102
K,2.203696,2.202724,2.20085,2.200819,2.196578,2.206684,2.200873,2.199567,2.203736,2.198929,2.205723,2.202608,2.201529,2.198721,2.200937,2.193644,2.201917,2.202396,2.195616,2.196218,2.200329,2.198605,2.196197,2.196553,2.19415,2.203968,2.193631,2.191987,2.193662,2.194809,2.197034,2.199903,2.202534,2.20436,2.203317,2.1939,2.19963,2.201649,2.202176,2.201909,2.204908,2.201296,2.200753,2.206862,2.199553,2.208186,2.199628,2.204074,2.191864,2.202547,2.20406,2.196561,2.199343,2.205117,2.20249,2.198378,2.195044,2.198069,2.199668,2.200572,2.205351,2.197746,2.196784,2.191334,2.206385,2.201365,2.208448,2.204356,2.195304,2.199927,2.203111,2.205428,2.200914,2.200181,2.205393,2.197849,2.200114,2.201288,2.205774,2.196853,2.202303,2.202935,2.203847,2.203456,2.202582,2.20222,2.197996,2.19767,2.201126,2.198119,2.207642,2.201747,2.208293,2.193877,2.201617,2.194213,2.199657,2.202182,2.199008,2.196201,2.203815,2.202318,2.206743,2.207861,2.195992,2.198677,2.202429,2.200743,2.196023,2.202821,2.203967,2.199547,2.195339,2.205163,2.19891,2.205817,2.195202,2.193655,2.203687,2.201065,2.196065,2.19787,2.195622,2.206468,2.197443,2.200359,2.199957,2.198099,2.193503,2.198332,2.196001,2.203257,2.196106,2.204212,2.19788,2.199638,2.202524,2.204192,2.197225,2.196667,2.195245,2.200406,2.200076,2.202135,2.196072,2.203479,2.197532,2.200102,2.19548,2.199176,2.199718,2.194612,2.194416,2.198413,2.19521,2.200443,2.204587,2.19676,2.201279,2.197772,2.202134,2.19634,2.202754,2.201318,2.200486,2.205444,2.193059,2.199598,2.196892,2.195582,2.203986,2.204024,2.193482,2.208148,2.191909,2.197578,2.191701,2.198063,2.202055,2.202831,2.195606,2.197714,2.205245,2.203231,2.201523,2.203478,2.197137,2.204178,2.199201,2.202575,2.199513,2.200801,2.205321,2.205728,2.192182,2.200583,2.20202,2.202879,2.201039,2.20144,2.201911,2.199897,2.197059,2.199887,2.200054,2.198891,2.201813,2.193307,2.194552,2.211719,2.212029,2.199069,2.200084,2.200328,2.197315,2.203615,2.205812,2.196049,2.195881,2.203676,2.20743,2.197504,2.200695,2.206902,2.200424,2.200852,2.198867,2.198144,2.204812,2.204344,2.200208,2.204842,2.197691,2.199194,2.203,2.200639,2.200335,2.200896,2.197091,2.197053,2.202129,2.202638,2.203131,2.200886,2.196993,2.201996,2.198598,2.194593,2.204515,2.197748,2.200086,2.202327,2.195438,2.197433,2.197593,2.194651,2.187983,2.203492,2.200601,2.202703,2.204688,2.195772,2.201001,2.195391,2.201344,2.202105,2.200428,2.192804,2.198522,2.201855,2.206215,2.205447,2.192865,2.195047,2.196035,2.195957,2.197996,2.206173,2.198959,2.195804,2.198498,2.199609,2.196446,2.201501,2.211983,2.20554,2.210619,2.197574,2.198255,2.20038,2.197077,2.198078,2.204588,2.198615,2.191952,2.202929,2.203342,2.203971,2.210531,2.200216,2.194027,2.196142,2.198015,2.194189,2.203565,2.198954,2.195514,2.198558,2.200859,2.195526,2.199018,2.201488,2.202945,2.199731,2.199132,2.203388,2.198904,2.203021,2.196437,2.198741,2.194357,2.201003,2.19894,2.205739,2.198094,2.204109,2.192728,2.203215
L,-3.763294,-4.219191,-5.176926,-2.698141,-4.161218,-3.042362,-4.581285,-3.634575,-4.075468,-2.949906,-4.648986,-4.313022,-3.93042,-3.136924,-5.651241,-4.948464,-5.750724,-4.661899,-5.868964,-3.222785,-3.545129,-3.8443,-4.429447,-3.027118,-3.997655,-3.635899,-4.581978,-3.152791,-4.340986,-3.524451,-3.372038,-3.549528,-3.237371,-4.18921,-3.363167,-3.431743,-4.805564,-3.68032,-2.778093,-4.191366,-4.687734,-4.210698,-5.065127,-3.885845,-3.925975,-4.350218,-2.939465,-4.383288,-4.008404,-3.825117,-2.141172,-3.910455,-4.006635,-3.682836,-4.419543,-4.678578,-3.324373,-3.56399,-4.137435,-4.477073,-3.769973,-4.286347,-3.975919,-4.154696,-3.703371,-3.891229,-3.401689,-2.766416,-3.219709,-3.68207,-4.097349,-3.296222,-4.43854,-5.058156,-3.439752,-3.974681,-4.504203,-3.41674,-3.363961,-4.531651,-2.884518,-5.038592,-3.205318,-4.095187,-3.608966,-4.366556,-2.710787,-5.759654,-3.373528,-5.596727,-1.770756,-4.273067,-2.912501,-4.066971,-5.270479,-3.114207,-2.677687,-4.076643,-3.772485,-3.038374,-3.394764,-3.572126,-3.023604,-4.166754,-4.068803,-4.142848,-4.504862,-3.161645,-4.058797,-4.892661,-3.196087,-4.325641,-5.463618,-4.481698,-4.215164,-4.122247,-3.773021,-2.937155,-4.273142,-3.426435,-4.338581,-2.903039,-3.922436,-4.526157,-4.886708,-4.037674,-5.261957,-4.872522,-5.066185,-4.526246,-3.631782,-3.792273,-3.631889,-4.070805,-3.79737,-2.958262,-3.071855,-4.690551,-2.700955,-2.996306,-4.708041,-3.339523,-5.280439,-4.173062,-5.147206,-3.218394,-3.635509,-4.348876,-2.857417,-3.537339,-4.562045,-5.377014,-3.562757,-3.993923,-3.624928,-4.175574,-4.266345,-3.557591,-3.893384,-4.247355,-4.493222,-3.41087,-4.682839,-4.14058,-2.754484,-3.584073,-2.670511,-3.908387,-3.742988,-4.223957,-4.591026,-3.896926,-4.069906,-3.639793,-3.128576,-4.005938,-3.73748,-4.129398,-4.11625,-4.711936,-3.579979,-4.587887,-4.184716,-3.47072,-6.636584,-3.51124,-3.30352,-2.848736,-4.310309,-4.305711,-2.59896,-3.857771,-4.422986,-4.329934,-3.962119,-3.348516,-3.447179,-4.260758,-5.122747,-4.750831,-3.813667,-4.28209,-4.200837,-3.362199,-4.431675,-4.208494,-4.859065,-4.239626,-4.186009,-3.311144,-3.300759,-4.002583,-4.115091,-4.345474,-6.080628,-3.481096,-5.532512,-2.713173,-4.982813,-3.769479,-3.859224,-4.236464,-3.782415,-4.423505,-2.683624,-4.072548,-5.524446,-4.276817,-3.326775,-4.531509,-4.955193,-3.74492,-3.691568,-3.063787,-4.412912,-4.440922,-5.146752,-4.289697,-4.41281,-3.563437,-3.548971,-3.473879,-4.02617,-3.972544,-2.880146,-3.80052,-3.607201,-3.579474,-4.737281,-3.662975,-3.574607,-4.525853,-4.272006,-3.355501,-4.904537,-5.048024,-2.73766,-3.271014,-3.603646,-4.890323,-5.126352,-4.772229,-4.114877,-3.533317,-4.866314,-3.991056,-4.560174,-5.619583,-3.57464,-3.767469,-4.960925,-4.525841,-4.645538,-3.255078,-4.136011,-4.410808,-2.818807,-4.435866,-3.641682,-4.173883,-4.064817,-5.265933,-4.29519,-3.405168,-3.98827,-4.602651,-3.322732,-4.156387,-3.854493,-4.412141,-5.549476,-4.64952,-3.30401,-4.29924,-3.768846,-3.795118,-3.760115,-4.706205,-3.585576,-4.306094,-3.426763,-4.180007,-4.220627,-4.328781,-3.925062,-4.442502,-2.860225,-3.565655,-4.099769,-3.85042,-4.065696,-3.283509,-3.327922,-2.765743,-3.498897,-4.049603,-3.131613,-4.507793,-4.742559,-3.685613,-3.659959,-5.566238,-2.806162,-5.078887,-4.509443,-3.927859,-3.093726,-4.983857,-4.292764,-3.54341,-4.959476,-3.721575,-4.31864,-3.377224,-5.03133,-4.919302,-5.199857,-3.188034,-5.005355,-3.225602,-3.983939,-4.724944,-3.708794,-2.987393,-2.944224,-3.328531
M,6.890566,4.518782,5.831921,7.326765,5.073545,3.553954,6.809251,5.742965,3.79864,3.033578,5.903709,4.733685,5.551992,4.578621,4.561669,5.50581,5.690843,5.40997,5.064063,4.910632,6.471026,4.819293,2.415999,5.98342,7.5958,3.147939,7.020557,6.559228,1.507755,4.676362,5.053513,6.765892,4.901071,5.066784,5.472322,3.296591,4.836939,3.997746,3.502413,6.279083,6.727456,5.063314,6.146615,6.15802,5.063608,4.371797,5.196613,5.009722,3.532022,3.012653,6.061204,6.053957,2.769299,5.545584,3.270181,4.086974,3.622656,5.772223,6.283032,2.879251,3.086743,5.318732,4.095886,5.923645,7.809852,5.274405,4.769402,5.82817,5.921331,4.313388,5.480413,6.359954,5.363663,5.66486,7.27638,5.205458,5.123947,3.547582,4.526385,7.167861,5.212521,7.260527,4.016454,3.960935,3.76591,4.659365,5.096018,4.128986,4.220968,4.695946,4.731086,2.257911,5.99305,6.257229,4.538427,4.05908,4.718029,5.020075,8.260846,4.279041,4.243193,3.650017,4.435735,4.165189,3.819259,5.930579,4.061173,4.894078,6.61429,7.622463,5.152157,5.99958,5.89495,5.239983,2.696367,4.491697,4.745174,5.11501,7.095776,6.290628,6.067063,4.924237,5.080383,4.887146,4.965939,6.425198,4.142619,6.002432,6.923893,7.637178,2.543138,6.166532,5.225601,5.982752,4.725408,4.859906,4.582983,5.51313,7.270216,6.549021,5.309389,4.029622,3.410638,7.413976,4.541124,6.380628,5.14264,4.18943,2.782596,4.98785,5.050445,3.666591,6.375867,5.250603,6.911881,4.00856,3.355819,5.442631,5.263574,3.97101,5.471025,7.011609,4.165986,4.277596,8.449468,4.60488,5.150662,4.474817,5.042541,4.674027,6.99524,4.352647,4.934552,3.91438,4.916945,7.122804,3.930565,8.019943,6.730424,6.358315,6.06316,3.923678,5.87249,6.933513,3.779738,4.364086,5.832347,6.494699,7.621273,4.607324,5.071301,7.08923,3.975296,5.917704,4.565561,4.514062,5.261214,4.604999,5.076115,5.932954,5.299881,5.623947,6.073619,5.393967,5.829932,6.109349,5.202344,5.792247,4.641856,6.363849,7.170651,5.842052,5.010396,5.110951,4.813743,6.400629,5.232916,2.76474,5.604219,6.074442,5.287117,3.964888,4.35817,4.816159,2.873058,5.053502,4.942696,6.931794,3.664893,5.713723,4.238232,7.145433,7.185464,7.103957,4.332531,5.334101,4.709746,5.397026,5.030216,4.444216,5.021726,5.269355,3.133954,3.97928,6.040701,3.518309,4.285771,5.254058,3.345203,4.993123,2.514145,5.329376,6.438198,6.074414,3.930908,3.484245,5.059778,3.317828,4.308194,2.797191,5.608789,3.441936,3.989605,5.756826,3.72724,3.645728,4.233091,3.872088,4.779905,4.850426,5.049161,6.514334,4.524777,4.649369,3.880507,6.046553,4.360614,5.49036,6.664109,5.573619,4.736514,5.40786,3.824753,4.034772,4.814703,7.253577,5.819327,6.806465,6.035375,3.565086,5.069002,6.061342,7.401073,5.180468,4.101197,6.092299,4.54866,3.549933,6.404274,4.809009,6.167708,4.803187,5.596912,5.97592,4.385123,5.668982,5.860493,5.10927,5.530005,6.400115,5.230844,4.99242,4.771554,5.521297,3.935033,4.891661,3.39167,4.753686,6.362828,6.005329,4.927217,4.481311,5.74819,5.266905,5.043778,5.11123,5.043798
N,15.84701,15.71046,16.03505,15.62495,16.78586,16.05271,16.50503,15.70747,15.81015,15.59122,16.00636,16.32849,15.91616,15.4889,16.0659,16.31339,16.1663,16.10874,16.34474,16.02388,15.99672,16.0681,15.93326,15.91141,15.74806,15.76056,16.54024,15.41246,15.68043,15.80863,15.81157,16.20685,16.329,16.15677,16.25361,15.87667,16.10568,16.19569,16.09793,16.27063,16.50289,15.82839,15.6449,15.72601,16.23157,15.88704,16.33256,15.38422,16.15597,15.49831,15.60792,16.16186,16.27727,16.2716,16.34402,16.09302,16.1885,16.31877,16.00658,15.77509,15.46181,16.0945,15.98739,16.5924,16.21816,16.22718,16.2064,16.36441,15.47894,15.95476,16.06359,16.54962,15.89361,15.89302,15.7535,16.28213,15.86981,16.66897,15.69211,15.85822,16.18221,16.15604,16.26391,15.89887,15.90142,15.52762,16.09012,16.08532,16.10103,15.21712,15.63402,15.35954,15.87576,15.70255,16.20233,15.92337,15.43204,16.42702,15.57781,16.55803,16.08706,15.93604,15.92922,16.08101,15.95431,15.85541,16.1602,15.9601,16.5039,15.09404,15.90449,16.08568,15.73402,16.33063,15.95142,15.84856,15.97599,15.51344,15.83271,16.48052,15.80899,16.09941,15.61463,16.29016,15.83405,16.09742,15.89787,15.51235,15.81438,15.83551,16.15703,15.30957,15.83821,16.06495,15.98961,16.45864,15.68073,15.82422,16.3774,16.23955,15.82742,15.9544,16.51489,15.73516,15.97694,16.02131,16.00956,16.20113,16.38505,15.28785,15.93013,15.55513,15.55902,16.22096,16.13008,15.93222,16.53676,15.88228,16.28084,16.18546,15.48995,16.00495,15.93946,15.26749,16.26394,16.29777,16.05729,16.47908,16.10018,15.99371,15.97845,15.75394,16.06307,15.43669,15.98293,15.53214,15.94458,15.91894,16.29173,16.40082,16.1308,15.90914,15.7525,15.9809,16.03954,15.62651,16.30149,15.42964,15.35135,15.50648,15.87364,16.03853,16.44304,15.86674,16.17612,16.12308,16.02425,15.92361,15.69108,16.05705,16.4219,15.52821,15.6746,16.16663,16.3843,15.94754,16.12921,15.33542,15.88935,16.03549,16.41016,15.698,15.82392,15.60179,16.30015,16.56618,15.63487,16.07493,16.33825,16.00565,15.99352,16.15589,15.827,15.65375,16.08643,16.19597,16.29305,16.27496,16.08861,15.75184,16.41366,15.94887,16.21729,16.52315,16.36003,15.30274,15.69092,15.49325,16.74372,15.25809,15.36459,15.9568,16.19802,16.10848,15.68234,16.25766,15.56754,16.15908,15.72947,15.6219,16.1694,15.88639,15.63516,16.48233,16.21439,15.95023,15.81733,16.35893,16.18527,16.18239,16.37281,15.55701,16.4319,16.23852,15.42149,16.34866,15.7071,16.27152,16.33764,15.99535,15.77481,15.75203,15.6618,16.41434,16.29878,16.53769,15.85513,16.37104,15.72472,16.3401,15.99084,15.98676,16.41088,16.44359,16.44862,15.53539,15.76114,15.81987,16.32975,15.45835,16.24427,16.73749,15.74253,15.9289,16.84361,16.02423,16.3487,16.18284,15.66624,15.93219,16.11283
O,1.005363,3.665113,-1.080145,2.169132,1.118103,4.851551,1.645917,2.182312,2.415815,0.6270477,3.129545,0.2618235,2.529766,1.490908,4.642194,0.06822624,1.981582,2.642238,-2.249728,3.518958,-0.6116656,1.777446,-0.6154662,2.331706,3.385383,0.9484874,4.006369,0.7615846,3.276764,0.2419983,0.1846032,1.404218,2.793598,3.020332,1.860029,2.025392,2.93254,3.599916,2.509966,4.017203,1.78899,3.36321,1.366649,0.1012312,1.435481,2.116294,2.829575,0.9543611,2.691588,1.826822,2.430505,2.50636,0.3850984,3.131917,4.301923,0.9520615,-4.235358,1.263849,2.823857,1.942849,2.678253,0.1842201,3.231042,1.820138,3.73864,2.410632,1.682229,2.240548,1.463699,3.512983,2.884777,1.385268,3.121463,-0.01571953,3.078623,2.823837,3.373789,4.461172,1.551555,0.94725,1.129761,0.8834183,1.510835,-2.967681,2.355302,0.2508464,1.578631,0.9733012,0.2317536,1.642516,1.470258,1.829317,0.752598,2.973683,-0.3554016,2.35049,2.386025,0.1720789,1.402488,4.005536,0.5139807,0.3677232,1.655836,1.895946,1.570589,-2.093142,4.26949,-0.2834142,4.259519,1.194906,0.2466971,2.237021,1.114573,3.440994,1.770098,3.214014,1.670499,-1.107711,-2.039591,1.121843,1.307334,3.213464,0.8769081,4.224992,-0.04907441,2.324875,3.303126,3.593594,-0.3743849,3.984046,1.446037,2.082686,4.069365,2.544926,2.120958,-0.5165486,2.029565,3.782457,2.928874,3.959575,2.383412,-2.117803,-1.175925,2.637467,1.391948,5.567469,1.794562,2.578577,4.402764,-0.4043079,6.430345,-0.4968984,-0.1849039,1.417946,2.992919,2.433891,0.7975771,1.393862,0.2431389,6.598767,2.69394,1.526807,2.223682,1.481513,3.853599,2.563904,-0.7767652,1.44444,2.423473,3.361178,-1.452912,2.402149,2.909198,4.079125,2.284928,3.299077,2.761605,1.303619,2.387663,1.917882,2.338376,3.899078,2.222653,3.036149,3.653275,3.018649,2.591819,3.564552,4.846006,0.1255713,1.694761,4.206139,1.838858,4.501779,-0.8238817,0.9646946,1.760517,2.186402,2.36769,4.14496,0.2937535,-0.6103648,-0.8954821,3.443703,0.7895494,1.742284,0.7511127,1.88922,0.6844939,2.876118,0.4246638,0.8546842,0.6049486,6.25403,2.159271,3.460669,5.047077,2.494855,-0.9678567,-0.5519353,0.8759651,-1.65352,0.4204325,1.718331,-0.6807608,3.162929,3.65327,3.935146,3.506542,4.178888,-0.2343749,1.613102,2.226271,-1.907754,1.766897,0.4061957,2.211166,3.967625,1.580971,2.872775,2.301961,1.600158,-0.2500167,4.253153,1.2471,0.9058253,4.537823,2.737988,4.599506,0.1179495,0.8282704,1.675441,-0.5988385,3.166919,3.536568,0.5469083,3.567049,2.199132,4.780376,1.394949,0.5300764,2.929737,1.145695,3.333969,1.486888,1.851541,-0.9996687,1.124142,-0.03602519,3.484701,2.970049,0.05132196,4.801786,2.90157,4.566096,3.760866,1.967634,-2.487258,2.17758,1.074099,3.411382,1.580617,1.753716,2.589071,1.050441,-0.1864793,0.361747,3.314525,3.635195,0.2217972,0.6549521,1.382511,2.498413,4.561383,3.411394,4.529568,2.103036,0.4301981,-0.8986366,6.684626,2.171657,-0.4586584,-0.1133772,2.674741,2.735526,-0.5341679,6.151577,-1.029137,5.187735,1.511226,4.292701,2.399437,3.741096,1.357884,6.569375,0.9113007,-3.279283,1.607193,1.167657,2.784526,0.6035008,1.121679,3.483082,2.075954,1.032759,2.683396,3.006602,4.396979,1.515914,2.215895,1.068311,1.393469
P,5.550374,5.551963,5.371672,4.932875,5.679885,5.586272,5.89172,5.133984,5.505736,5.404529,5.185971,5.81949,5.375455,5.546634,5.978386,5.618393,5.390312,5.466006,6.049029,5.234409,5.383173,5.596952,6.140817,5.638217,5.576142,5.954295,5.344157,5.208797,5.558133,5.923374,5.529536,5.686066,5.791037,5.516323,6.165932,5.17482,5.408268,5.773522,5.25475,5.519886,5.572892,5.781543,5.568543,5.648373,5.664926,4.66865,5.421392,5.963392,4.921795,5.443408,5.43467,5.444084,5.253206,4.74981,5.244682,4.648504,5.128303,6.02672,5.908371,5.007589,4.95256,5.710399,5.640158,6.064941,5.303941,5.288917,4.846966,6.172583,5.270206,5.265155,5.429247,5.806827,5.493041,5.331223,5.581315,4.617459,5.931511,5.564412,5.784221,4.92551,5.384178,5.580411,5.47667,5.531476,6.195875,5.841888,5.39985,5.792896,5.124148,5.622673,5.184859,5.738905,5.717979,4.896881,5.531894,5.649041,5.832127,5.978893,5.336589,5.502525,5.124528,5.653472,5.938241,5.129284,5.601409,5.353708,5.61465,5.05091,5.035264,5.59988,4.977842,5.732531,5.658197,5.424733,6.07627,5.797178,5.372963,4.879058,5.707857,5.542835,5.017343,5.075101,5.172246,6.151679,5.610505,4.943023,5.576026,5.533382,5.179732,5.699426,5.166697,5.773697,5.498816,6.26884,5.524272,4.90129,5.734156,5.260302,5.181616,5.39272,5.736697,5.286981,5.118968,4.542282,5.463646,5.338513,5.981999,5.212011,5.024849,4.952215,4.98829,5.501106,5.839334,5.230124,5.347178,4.657664,6.103037,5.977999,5.484793,5.311936,5.353055,5.412735,5.730424,5.360436,5.050552,5.63387,5.573919,5.309083,5.55034,5.099459,5.993107,5.901518,4.84712,5.354088,5.528109,5.427177,5.72309,5.771099,5.601138,5.268007,5.830108,5.343118,5.595097,5.940349,5.625596,5.369437,5.490001,5.544453,5.915246,6.976726,5.569326,5.585542,5.806442,5.866592,5.451446,5.837907,5.479975,5.665345,6.030762,5.598638,5.105975,4.599119,5.875747,5.216875,5.754978,4.866214,5.84274,5.777024,5.334348,5.69641,6.307799,4.847845,5.341138,5.356729,6.05084,5.713371,5.432021,5.265361,5.477771,5.184341,5.521936,4.643497,5.927658,5.022865,5.642341,5.962568,4.7894,5.737474,5.074782,5.798357,5.039455,5.2658,6.184706,5.55947,6.031407,5.25083,5.538423,5.294942,5.997386,5.453038,5.807091,5.412932,5.473549,5.419718,5.74734,5.813923,4.917401,5.577704,5.306275,5.997014,5.45234,5.03419,5.470697,5.546045,5.401407,5.343645,5.351961,5.374355,5.293304,5.191787,4.943986,4.952263,5.317008,5.135831,5.5248,5.268945,4.890072,5.253796,5.93837,4.910773,5.304127,6.046168,5.346462,6.088208,5.429028,5.905748,5.505498,6.303953,5.6007,5.271205,5.928599,5.941031,5.897027,5.960507,5.233907,6.121311,5.342398,5.847171,5.144657,6.027717,5.129901,5.883574,5.507276,5.841932,4.915984,5.225266,5.482646,5.287479,5.539735,5.639343,4.90246,5.272739,5.129694,5.537517,5.45564,5.444146,6.043704,5.43958,5.876669,5.417151,5.961287,5.717296,4.737157,5.95055,5.6139,5.445077,4.888699,5.727545,5.677869,5.106974,5.576032,5.340868,5.33469,5.466656,5.931985,4.973014,5.574995,5.149448,5.655445,5.67162
Q,-3.731324,-3.365238,-3.962047,-4.236076,-4.171377,-3.60039,-3.606733,-4.642898,-3.953039,-4.832498,-3.97637,-3.618653,-4.219022,-4.189328,-4.485869,-3.843253,-5.062262,-3.022805,-3.431153,-3.147116,-3.344185,-3.679321,-4.465874,-3.735647,-5.048005,-4.493953,-3.571477,-4.627004,-3.532129,-5.904191,-3.814609,-2.84881,-4.131139,-5.155466,-3.487946,-4.287204,-4.20181,-4.057393,-2.80928,-3.657544,-3.263417,-3.819973,-4.005091,-3.676985,-5.031769,-2.772902,-4.003031,-4.294207,-6.165592,-4.335106,-3.862025,-2.837244,-3.271337,-3.745544,-2.885446,-4.193187,-3.210197,-4.927148,-4.566682,-3.767086,-3.793355,-3.541393,-2.387492,-3.999769,-3.832456,-4.988184,-4.971445,-4.129176,-4.122955,-4.19004,-3.656691,-3.004827,-4.242865,-3.66745,-4.502065,-4.669762,-4.547355,-3.912054,-3.144839,-3.590399,-4.144157,-3.12504,-4.146592,-4.451711,-3.315235,-3.268595,-4.219364,-4.467946,-4.343369,-4.086643,-3.60129,-3.175257,-3.975313,-3.09809,-2.783693,-3.590309,-4.932822,-3.017377,-4.279966,-2.663597,-4.563023,-4.976274,-3.752563,-5.096576,-3.862118,-4.426548,-3.700811,-2.991254,-5.14036,-4.355632,-3.924019,-4.175771,-3.717696,-3.552325,-3.214927,-3.836305,-3.529143,-4.155607,-4.005471,-4.557997,-5.137479,-3.17979,-4.411163,-3.573073,-5.236308,-4.254811,-5.096624,-3.471959,-3.713665,-3.024207,-5.580597,-3.829619,-4.236984,-4.29437,-3.873256,-4.275369,-4.564981,-3.628787,-2.619277,-3.533632,-3.108851,-4.1909,-4.651394,-3.354755,-3.400381,-3.586543,-4.104565,-4.383444,-3.666939,-3.773351,-4.35269,-3.947463,-4.557646,-4.245331,-4.163937,-3.904837,-4.07226,-4.267961,-3.603815,-4.5816,-4.726316,-3.206443,-3.766897,-3.548244,-4.142238,-4.897382,-3.858117,-3.522019,-4.864399,-3.744933,-4.571607,-3.706881,-4.441746,-4.918229,-5.028728,-3.572344,-4.016276,-3.853259,-3.686303,-2.089143,-5.389277,-3.801731,-5.12591,-4.559822,-2.649743,-2.454936,-4.326586,-4.068574,-3.999496,-4.509111,-4.141549,-4.941544,-3.785557,-4.385946,-4.003209,-3.961335,-4.274314,-4.359771,-3.966279,-4.716659,-4.306175,-3.665169,-3.832182,-4.313744,-3.803974,-4.041488,-5.323956,-3.947788,-3.117657,-2.76431,-5.332815,-4.696657,-5.036489,-4.778688,-4.62111,-3.601778,-4.597897,-3.981588,-3.804062,-4.66595,-4.352194,-4.639552,-4.817263,-4.350222,-4.943259,-4.740147,-4.308618,-4.289825,-4.790811,-4.200908,-3.957394,-3.059393,-3.792467,-4.574065,-3.47142,-4.211344,-4.626293,-4.603638,-4.37449,-4.29326,-3.094275,-4.209021,-5.276523,-2.851033,-4.870548,-4.409683,-3.270313,-3.851151,-3.699048,-3.654934,-4.904185,-4.258829,-4.414268,-4.637294,-4.213738,-3.995663,-3.02226,-4.01904,-2.837302,-4.307402,-3.964069,-3.857292,-5.503519,-4.215652,-4.510834,-4.328115,-3.722814,-4.376049,-3.802018,-3.48243,-4.662216,-3.02252,-4.918932,-4.433026,-3.546313,-3.692317,-3.812702,-4.61542,-3.224222,-4.091059,-4.194232,-5.072016,-4.016677,-5.403471,-4.61677,-3.412993,-3.327839,-4.525181,-2.988974,-4.922632,-3.698076,-4.10342,-4.128111,-4.208614,-4.285595,-3.839785,-4.662431,-4.108404,-4.049545,-4.084055,-3.532261,-3.52163,-4.163461,-3.711346,-4.025524,-4.212364,-5.860345,-3.893229,-4.437772,-3.902225,-3.562657,-3.797616,-4.123479,-3.676178,-3.918151,-2.845395,-4.099953,-3.463773,-4.174582,-2.498416,-3.954397,-2.983523,-3.814995,-2.867801,-4.313551,-3.507534,-4.731754,-4.958596,-4.059516,-5.554232,-5.198608,-4.450909,-4.196473,-4.642967,-3.525818,-3.406621,-2.946413,-3.82159,-3.401798,-4.206318,-5.307789,-5.531716,-2.652952,-4.015264,-4.706783,-3.264811,-3.823952,-3.750024,-3.636936,-3.621385,-4.047285,-5.253753,-3.767543,-3.731232,-2.872813,-2.788055,-3.907559,-4.156894,-4.637225,-3.885846,-3.012947,-4.025442,-3.70521,-5.229937,-3.7379,-3.730573,-4.278687,-3.214636,-3.850472,-4.527011,-4.372064,-3.387162
R,0.1391749,-0.3172302,-0.4564702,-0.1532188,0.1606899,-0.7306746,-0.2726512,-0.5055854,0.05142457,-0.1837342,0.5418657,-0.3439178,-0.2255469,-0.2277939,0.03138836,-0.5323523,-0.4917828,-0.07192539,0.07847312,0.1934801,0.5252307,-0.3501988,-0.3297388,-0.5107778,-0.2158342,-0.2193821,-0.270568,0.8766962,-0.009535491,-0.7761226,0.4330513,0.6161388,-0.2239656,0.06460614,-0.4082318,0.04605733,-0.2477218,0.04458037,0.4253171,-0.2116045,-0.1158101,0.5073817,-0.4710863,0.2241569,0.1752526,-0.08355476,0.01448211,0.114742,0.3170552,-0.1067137,-0.005742211,0.8406898,-0.3184851,0.2638503,0.05271882,-0.09173819,-0.1391726,-0.01750416,-0.2621601,-0.5408363,0.04940484,0.02726467,0.5273238,0.04267211,0.01109825,-0.1615069,-0.04848808,0.5227681,0.452689,-0.4842944,0.06629608,-0.4989747,0.2046238,-0.2833576,-0.008406967,0.6017555,0.3075655,-0.1032694,0.5186223,0.04879096,0.6375955,0.3038602,0.077116,-0.4081713,-0.07359895,-0.3817091,0.2372807,-0.1534871,-0.003708456,0.2119573,-0.5348489,-0.3893403,0.1895963,0.06581667,0.07407139,0.03182085,0.5206312,0.4121196,0.3148006,-0.3867749,0.2254824,0.002217366,-0.075199,-0.2642087,0.0002655222,0.4499387,-0.5610968,-0.7593175,0.7599792,-0.01745526,-0.3625647,0.2206072,0.2716453,-0.3980648,-0.3198069,-0.4792083,0.4718943,0.5470658,-0.07652633,0.07416753,0.3512057,0.1577023,-0.1877692,-0.418471,-0.7982316,0.5653066,-0.1904402,0.2299448,0.3622731,-0.4584387,-0.3558007,-0.6241216,-0.2866739,0.005206924,0.1056476,-0.4013423,-0.01371045,0.425328,-0.1662807,0.2300562,0.04349722,0.1887089,0.2270633,-0.3687793,-0.4739019,-0.4651021,-0.2420761,-0.359501,0.5450161,-0.1494204,-0.1352741,0.2582618,-0.160171,-0.2990601,0.5223302,0.3375415,0.07906369,-0.3375387,0.2130378,0.738764,-0.68228,0.6584578,-0.7654944,-0.4798148,-0.1489763,-0.1821354,0.05236452,0.4135993,-0.2958354,0.09263006,0.0785781,-1.164082,0.1264221,-0.2585885,1.082244,0.5273792,0.2615495,0.5737961,-0.07300827,0.002018495,0.2306411,-0.02424504,-0.0769108,0.6542497,-0.2348945,0.1387461,-0.3689962,-0.5411865,-0.1514322,-0.2075324,-0.2206431,-0.3720629,0.4377892,-0.465889,-0.4520527,-0.2256706,0.1711583,0.5054085,0.4394846,0.3567392,0.422394,0.3932048,0.8261647,0.6840282,-0.4648182,-0.408237,0.275624,0.4687193,0.2347685,0.1435539,-0.2675044,0.3903196,-0.4772784,0.02280046,0.3967248,-0.06326591,-0.7277728,-0.1803352,0.1639781,0.7362165,0.06334499,0.3989206,-0.252904,-0.4735733,0.2448957,0.6314462,-0.50719,-0.402006,0.1326985,-0.2958082,-0.1864596,-0.2252566,0.05731272,-0.02567454,-0.358061,-0.00360785,-0.2147832,-0.4809287,0.3847478,-0.3571762,-0.1589128,0.2739502,-0.07799571,-0.1930166,0.04587168,0.6909918,0.108381,0.01081105,0.9108928,0.07605304,-0.4095568,-0.04686065,-0.2991552,0.1476566,-0.2884618,-0.3597072,0.1500735,-0.1542373,-0.07378091,-0.6214044,0.1177572,-0.2547754,0.1506498,-0.05784157,0.004041421,-0.328654,0.1364887,0.7060447,-0.06865793,-0.4469336,-0.2114493,0.221049,0.4895361,0.1472968,-0.1690673,0.07767598,0.04176717,0.06316393,-0.0177135,-0.02585084,0.02454464,-0.1212011,0.2777528,0.4623224,0.3040151,-0.2652775,-0.461417,0.2967045,-0.3238862,0.1165653,0.3672989,-0.2373878,0.6541464,0.01591972,-0.05496964,0.4089831,-0.3190784,-0.3088461,-0.5618454,0.09438591,0.6784847,0.5299075,0.134673,0.09053036,-0.1240192,0.04085313,-0.3747878,-0.1948832,0.09182608,0.02925182,0.06151476,0.309905,0.4171733,-0.06670972,0.03936301,0.1764852,0.2460834,-0.0558513,-0.0782657,-0.1526542,0.06318776,0.7885061,-0.1716233,0.01362184,0.2790313,-0.3407645,-0.4169398,-0.08465445,0.05867234,0.9486486
