A,2.7203129,4.7698871,2.4811243,5.149178,2.628709,4.0695252,4.7020861,4.0821717,4.0900369,2.875958,2.5501755,4.6520404,3.1864591,2.890118,4.4736981,4.2162519,4.3243671,4.7247974,4.3238197,5.0176391,4.5976929,2.3178093,3.4233221,4.8302601,2.9226845,3.7511797,2.3869269,2.6504332,2.6937213,4.5513318,4.2102505,1.426296,2.6665106,2.5678032,-0.25669487,2.3235612,4.5599206,2.0175549,2.6271627,4.2224616,2.0612138,2.3448206,0.89122811,4.4809636,4.6982932,2.4442471,2.1328457,0.31937767,4.0024188,2.3857228,3.9967235,2.4769178,3.8257493,4.1272606,5.1050515,4.6289564,2.3447454,4.7100831,2.4415055,2.302056,4.5084555,2.1351343,2.5724481,4.6291666,2.8800216,0.18581773,4.923058,2.0466632,4.3847001,-0.077996742,4.4465785,4.1638679,2.4348339,1.1700129,3.1346361,5.6859669,2.7762132,4.903259,2.3243398,2.6766217,2.2100576,2.3126279,-0.091413016,2.903325,4.0913151,2.529025,2.3504314,4.3156099,1.8659641,0.46148494,5.25897,2.0995253,2.3787685,4.7124632,2.7958889,3.4271855,-0.020034633,0.022311448,1.9167598,4.9336427,4.4016149,3.1292804,2.1730881,3.1415447,2.2911216,1.7515639,-0.075863854,2.6088998,2.5797304,4.6194148,4.3956693,2.865915,2.3912169,4.7820774,2.4018723,4.6048484,4.2698454,2.0777909,2.1594748,2.5888437,2.6385931,2.4146681,4.5447337,2.0142731,2.5562401,5.3301563,2.2415505,0.18370351,2.0186374,2.6905387,2.6318313,0.44654885,4.7609934,2.414681,2.4728309,4.87529,4.3965883,4.3246182,2.5486818,2.089329,2.1741337,2.0937195,2.2469167,3.9988132,3.8570133,4.6278593,-0.34062755,2.3836382,2.3257393,4.0914552,0.36042632,1.9609083,2.6946733,5.1685867,4.7291621,2.0002434,2.1815929,4.6299834,4.6714648,1.4317208,2.8580202,2.4911205,4.2534537,0.11828446,2.5344617,4.0247491,4.3884277,5.0153593,2.6036456,5.2940778,3.6146313,4.8714176,2.8926075,4.1154581,4.1977314,2.380025,3.2276156,0.68032579,5.1840322,-0.093806654,2.3418164,1.1889199,4.0405595,4.4184567,4.5246267,4.7425674,4.7504883,2.6552998,1.767994,1.140628,4.4463956,0.85068908,4.4674888,2.1232016,2.7824141,3.9529309,2.4627683,-0.068280516,4.1403927,2.5193097,2.3997512,3.8178184,2.6423816,2.598351,4.9406003,4.1411016,1.9252797,4.3573044,2.9398817,3.0576346,3.697015,3.7991586,0.45996935,1.9571797,3.8779981,3.2117987,2.8192928,2.6590185,2.9177792,1.9638514,4.9858091,4.7937109,2.9490296,3.8086382,4.8293572,3.933311,2.9936672,2.5669952,2.6128028,2.9771056,2.2630743,0.18989164,2.4647105,2.3455484,4.2024281,4.3797612,2.2913556,4.3207458,4.4187971,1.7528768,3.2044775,2.4468876,5.4631236,4.2843751,4.7633368,2.9242572,2.4637413,4.7510256,3.0044077,0.61630604,3.7276329,2.5738255,5.0111552,4.2971693,2.6630296,2.1504972,2.6031518,3.0921054,4.6193671,4.9298346,1.4072482,3.009615,0.34754741,0.80597405,2.5479127,0.63936316,1.9483906,2.1616983,2.7764838,4.3530882,2.2066902,4.1955749,0.42489027,4.6564272,2.4183966,2.3899702,4.5607702,0.10238838,4.8200994,2.0455896,3.7737181,2.4168378,3.8524394,4.1671558,4.7353356,5.0426461,2.4401244,2.8237372,1.9570896,2.6992979,4.0938008,4.6435542,4.8321563,4.9716186,4.1722687,4.7328581,2.4891011,4.9267721,2.1284443,4.6657412,4.8075496,4.4533823
B,4.0273441,5.2681734,7.3478625,4.1955072,7.0182251,-0.72208701,4.1042195,-0.67417141,-0.7066732,4.1244699,-0.75677646,4.591138,-0.60148424,-0.17809811,7.6912584,-0.072597475,4.3677226,-0.94851556,4.0335815,4.5325918,5.6177085,7.0663978,-0.45270614,7.3220847,4.1492439,7.6581235,7.3173039,4.1566366,4.6369708,4.0613951,7.3192695,7.3119611,4.1453039,5.5307903,8.2064606,7.264133,4.1149522,0.25253013,-0.9396185,8.4059225,7.0206877,7.1092768,4.2636797,4.436749,7.0196041,4.3348767,4.6569473,-0.99939134,4.3037228,-0.85978179,7.0600999,4.4598705,4.0049951,-0.91374538,7.4382173,4.4792942,4.5858905,-0.73402668,4.3344485,5.6345098,6.2951614,4.1050219,7.7681664,7.3807872,4.1725258,4.4879554,0.42923363,1.2548056,7.9497157,7.1709789,4.3651414,4.4215899,4.1501912,7.4505312,4.2720321,5.4391484,7.1508159,7.0859725,5.0111024,4.4284672,4.1175774,8.3265602,5.929627,-0.98562037,4.5937954,4.1505565,7.4556498,4.8635578,-0.98345835,7.2695715,7.0173033,4.2535957,7.4038158,-0.81379819,4.1716854,4.501227,7.5470853,4.3593161,-0.23888912,7.1485027,7.2012573,4.2448579,7.0824292,5.8461511,4.1941926,4.1619903,4.4204033,-0.81372205,7.5676982,-0.86806995,4.9569558,7.3563328,-0.64226413,4.6795088,7.2739288,4.1672848,0.61084312,4.0959068,-0.8545155,7.3619551,7.2756959,4.4069245,7.1817105,8.6951734,7.8697818,7.0093691,0.2172147,-0.77985554,4.1679477,4.4028048,7.2074157,7.0306905,4.2530731,-0.63396223,4.21131,4.3884809,4.027031,-0.10590317,5.1103871,4.2480002,4.068021,4.3707508,7.1184308,-0.41381343,4.1976855,4.0503782,4.1274073,-0.96528731,4.7396874,4.0623293,7.0058951,-0.27766809,4.2048102,7.1095442,-0.98124567,7.783983,4.6743314,4.0383597,7.4888865,4.0656923,4.354173,4.0391054,4.9511853,5.8696121,7.0371964,4.2226963,4.4750845,7.0424544,5.3758763,4.2803146,4.3058088,4.0118829,4.0132165,-0.483013,4.0861081,-0.99757717,7.0201056,-0.79736981,5.3075916,4.5443737,4.8708335,4.1828872,5.0342428,7.2985074,-0.97598375,4.7482171,4.19006,4.2259468,4.6583641,4.2280093,4.0026427,8.2611131,7.8647019,7.8028326,-0.9893631,4.3374235,4.3709843,4.141463,5.2481128,5.2777912,4.0324879,4.0532917,7.5759262,4.3488197,7.4305698,7.2318579,7.1881977,7.6392158,4.2704958,4.4248077,4.5591371,4.8513751,-0.99655082,4.7113174,7.1306243,7.5940248,7.1461588,-0.96682408,4.5300979,4.689644,4.5072835,4.1880465,7.2717961,7.8454309,4.0247117,7.0319042,4.1691025,7.0788243,4.1909553,7.3203572,4.0108425,4.465024,5.3322303,4.1402712,8.3100764,-0.89043641,4.1081432,4.0292205,7.1929086,4.6659274,4.13767,4.018283,4.0096883,7.6651218,7.493428,8.8247331,-0.77826863,0.086131027,4.4799089,4.3791997,4.1558867,7.5544478,4.1249352,-0.00096256514,7.8105495,4.1277951,7.1499284,-0.72162616,5.0020743,0.20303982,4.321913,-0.15112312,4.0555448,4.206485,4.537868,-0.74883676,7.2551883,7.0589283,4.3915864,4.5371499,7.1042144,7.0643851,4.1297601,4.5617858,7.0860914,7.1135521,4.199347,4.6402498,4.4367963,4.0903855,4.0033511,-0.32007868,-0.32449961,4.2229385,4.4147969,5.3663006,7.3444381,4.6396757,4.7301775,-0.62072818,4.3973294,4.1451494,7.3315046,7.5164663,4.0543519,7.7370792,8.8992349,-0.87714127,7.1131063,7.0065913,4.0324018,7.3432486,4.0816897,4.0285758,-0.91581648,7.1225174,-0.51461944,-0.83334571,4.1832116,-0.92212823,7.1060346,8.4691204,4.72871,4.5805974,7.1657518,4.1409594,7.1455176,4.3104235,4.4357101,4.015436,4.1795614,4.5026433,4.2763595,-0.99157245,-0.98586979,7.1785501,4.1457489,4.2112993,4.2375832,4.164768,7.2881123,7.1112569,4.2568116,4.0691152,7.0464804,4.2184501,-0.3486574,4.0110789
C,3.0993642,3.0251865,0.085014018,-1.5564493,1.4628421,1.6507113,-1.5864509,3.9311544,4.2338313,1.6082123,3.3259734,-0.61020527,-1.3563772,1.2957132,-0.035690675,2.2767715,4.3305768,2.8005285,1.8462203,0.77358382,3.6249332,1.0495745,-1.5397489,2.1568629,3.8918074,13.26177,-1.0215627,1.4532702,0.7445951,3.0958936,1.5839588,1.6428694,3.3690057,3.1045717,0.91341541,5.1434886,-0.75036622,1.9207281,3.5813249,1.8479837,-1.4828069,2.650066,3.9204558,4.1364108,1.311572,-0.9884173,3.3935235,1.8028368,3.2261969,1.8995256,-0.2557116,1.4482794,0.91705285,0.17751842,-1.3739199,0.3423024,3.4613556,7.7034628,3.567858,0.013315496,2.7777422,-0.43705404,-0.52943481,1.2991857,2.0076201,-0.47659185,3.4571182,2.214909,2.940951,2.2754636,-0.15228364,2.4920204,3.310424,-0.95613268,2.3762404,2.6432907,0.20635605,1.9394072,0.026852996,4.5283369,4.3749527,-0.89842504,1.5624747,3.3715245,0.17746383,-1.4648275,0.13157502,0.39407438,1.2442369,1.3861039,2.451309,1.8120842,2.5055982,3.0831054,5.1562854,6.7472026,1.8939238,2.4569754,5.2979543,2.7530835,1.5988719,1.9190494,-2.2863969,2.4024821,1.4249918,1.34312,2.2394823,2.8363097,2.3592606,3.0739505,3.2302941,1.0794428,2.6497374,1.5772894,-0.2843057,1.4039584,-3.2200458,1.1153776,-0.42620908,0.96327408,0.1083839,2.4419669,-2.4543467,3.2676716,5.1411409,3.5570333,2.2203631,-1.0251887,2.3450248,0.17515803,2.5966242,0.15519131,-4.4101285,0.38529066,2.714996,4.4742661,2.4477295,3.1184109,2.2414624,3.9139686,0.35688373,2.6757201,5.101258,2.3869624,2.7162107,0.33724278,2.2987766,2.7292266,3.0733436,-1.2516112,-0.19035192,3.8762234,1.8255077,4.5357788,2.6292384,3.8304742,1.8310883,2.9376923,2.3741114,-0.74090133,4.3567069,1.7559596,-3.0898112,1.7613478,1.6985443,3.4562756,2.8317016,3.1039081,1.567668,2.1468822,1.1998054,1.4959988,1.695411,3.9229107,3.8907065,4.0967385,12.99887,4.4852659,1.9496256,1.9917743,2.7539965,1.3234552,2.025665,6.7952363,0.89067175,3.5892565,2.5474151,-0.2163078,-0.69760279,1.7927012,6.0931098,-0.88234198,1.9638924,1.4936081,1.2960952,2.4227591,-3.7443886,1.1725422,2.7742505,-1.3997604,1.2751795,1.097765,-0.06046954,3.7677535,0.46818743,1.0664433,0.83450607,2.8965159,2.2568881,1.2488106,2.4188064,2.4702118,3.0835171,-1.8713746,1.6687841,3.3719635,12.07494,3.6199962,2.9750286,-3.4338372,4.6582321,0.97744731,3.1033983,5.3883231,1.144554,2.5854852,8.9550531,12.253416,4.053247,2.1965925,2.3532222,5.5535887,2.3479711,2.3631765,2.2132007,0.46104379,2.2787636,2.7322187,0.50212518,2.3783683,-1.020655,0.73490426,2.7891426,2.0240525,1.9649631,7.769856,2.736918,2.2220559,1.6895194,2.0396038,1.2299949,1.1052081,2.3006876,1.7864331,4.0261701,2.8217823,-0.90449005,0.76544797,1.5003969,0.96021301,0.21226766,3.5211434,3.3789664,-1.2001568,2.5840012,6.8153982,2.8910339,1.8366398,-5.015308,6.3291879,3.3581003,0.56405521,2.0116431,1.8502926,5.5129316,8.3533944,3.1497471,2.6262153,1.4956269,2.1011592,-0.57685881,1.9418639,0.019542276,-1.4740437,0.24565632,-2.447478,4.4610358,9.5805749,4.3274599,0.61877981,-0.87208334,2.8072829,3.4410009,4.4245204,1.9693074,-0.56608898,2.2584689,5.4068932,3.1145002,4.1798591,1.855048,2.720095,1.4703025,-0.052570795,1.9442377,1.6339736,2.2333717,2.4779455,-1.3938335,2.084049,2.6617175,3.8186892,2.2871697,0.021074316,2.6261404,3.0410047,2.2920241,2.632299,2.3218966,2.4545654,-0.22938371,-0.14328853,2.7601065,3.1861411,2.063457,2.2836315,4.7839367,1.3192132,6.2661748,1.6125689,1.5838668,4.3942501,2.3175191,0.66188899,3.0859325,3.5328151,-6.1404695,3.516768,2.8996448,-2.6066957,0.87300765,1.3475844,2.3652546,5.2554223,3.2937846,3.6169543,3.8534139,4.9386323,3.2423157,1.5712081,0.58406988,-1.317724,1.9266576,3.0362632,0.9414505,0.65347571,3.2589163,0.56679833,2.3782674,5.1676946,-0.10195184,-0.037319497,0.54757877,1.3439481,0.31056215,0.057802904,0.073676407,-0.93444182,0.86971846,0.48102657,3.2288871,2.937531,2.4961305,3.9551271,0.027515527,3.2092824,2.5302124,-1.9772019,2.659869,0.31020931,-0.3846933,3.9862943,1.6804479,0.8214389,3.3022071,1.3223991,0.35202106,0.10877564,-0.52683826,2.1206806,-1.5920784,0.90757617,2.5986573,0.88919191,1.1666688,1.2497948,2.8545844,3.0731378,3.1971395,-1.6553712
D,1.0711266,1.4301982,0.81531619,-1.2864799,-1.1693843,2.8251792,-1.4304801,-1.3703231,0.6085848,0.95715327,-0.87791963,-0.98921559,-1.3387592,1.5215178,1.0716044,1.3202098,1.1857816,0.85765997,2.8268983,0.87690065,2.5092918,0.83339805,3.5767043,-1.2464146,0.72899592,3.278666,0.91688766,1.0779083,-0.84773907,2.5160253,-0.9769104,-0.80934216,0.83401165,1.2676,-1.0382046,-1.0379452,-0.72480415,-0.94127561,0.74194694,-0.9433417,1.2319011,1.1251135,-1.232402,0.92745753,-0.78135561,2.9731693,1.1198867,0.9970011,0.59121915,0.77808147,2.2164018,1.110594,-0.85472419,0.99646573,-0.96432065,3.026383,-0.7885492,0.85488924,-1.7339192,-0.84910453,-1.2655957,0.79466909,3.59322,2.9838004,-0.94327114,3.3052873,-1.2923136,3.2719118,1.1183215,1.4186581,1.0863841,1.2350012,-0.80398391,2.5423966,0.59635922,-1.1719418,2.3826735,4.4474347,-1.3270589,0.63887596,1.0602593,2.7164671,-0.7972071,-0.68199808,-0.93160215,-0.91363902,-0.65763077,1.1317191,0.92724947,4.0645386,-1.0352977,1.1699053,2.2129274,-0.70858262,3.7686577,2.973698,2.8138686,-0.88151184,3.7917045,0.88905561,-0.93333032,0.80158565,0.87948798,-1.1062426,1.2366773,1.3235179,0.84845957,0.83250323,0.98453971,-0.9641417,-0.9549348,-1.1672866,1.2473369,1.0943743,1.0587486,0.96278564,-0.8386322,0.7575498,-0.76281554,-0.93929071,0.96803865,-1.0802809,0.99837918,1.4109122,4.5009446,-1.1917227,-0.73579619,1.0364718,-1.1077812,0.82057901,3.618849,-0.98919959,1.1484872,1.7045494,4.0255578,-0.98842984,0.822653,-0.97824489,-1.1370335,3.0464687,1.0175949,-0.86705785,-1.1458845,-0.98002739,-0.92566105,4.8046761,0.69313113,2.6803171,0.91337521,1.1469084,1.3516793,0.89760243,1.0446009,1.7291499,-0.99031507,0.70744928,1.7095915,0.64692785,3.2067445,1.1773094,-0.90460755,0.91954589,-0.84059459,0.98516818,1.2165661,1.2842601,1.7065044,2.6703523,-1.2101541,-1.3256915,3.5697665,-0.85316131,-0.9253582,0.90245269,1.4738562,1.1817088,-1.3717474,0.78578455,1.2724949,-0.8804022,1.0966636,-1.0813054,0.87321404,0.99093954,-0.95304614,0.92325829,0.98205145,-0.71418923,-1.0313875,0.86733297,1.1491965,-0.62367623,-0.87020659,-1.0702936,-1.1075505,1.0962986,-1.0357226,-1.364785,0.96366486,0.99406284,1.1961173,1.3037728,2.0908015,-0.98809788,0.80815821,-1.0656055,-1.0187507,-0.91017197,1.1006553,-1.1724596,-0.70715256,3.0974088,0.78338041,3.9454648,0.90118655,-1.1647164,1.0726639,-1.0319966,3.2590987,3.2627934,3.0081419,3.379934,-1.1215642,1.1122834,0.95423758,-0.8704127,-1.1295745,1.41286,-0.947442,-1.0183633,-1.1420681,3.9728038,-0.93479769,2.9110809,0.9132266,-0.85567468,-1.0887791,-0.68986734,3.1298539,3.6188111,1.0535974,0.85120641,1.3283825,1.1206699,2.5603797,1.5604294,3.5057014,-1.4024129,-0.81219816,-1.3511996,0.73666144,1.1358564,4.289336,0.93638513,3.9756585,3.2325748,2.6820399,-1.2216766,3.2929019,-1.2504639,-1.0308119,-0.88814428,-1.0957267,3.3218588,-1.0186349,-1.0961276,3.9105689,5.4951518,0.96136379,0.9349203,0.90080006,-0.86592287,3.6677898,-0.91096707,0.84396123,0.94968576,2.4240608,0.84749081,0.80808339,-1.161575,-0.9880958,3.6388181,1.1614403,2.9772285,4.0854793,1.4509987,1.1171727,-0.81532979,-0.8280257,1.0044376,2.8171158,-0.82260292,1.1132775,-1.1241202,-0.8120524,1.0208427,1.014674,3.6800113,-0.85580672,3.7098496,1.1775373,3.0204857,3.8465588,-0.94029543,1.0517177,-1.2028426,2.9551726,-1.0550539,-1.1591894,1.1770032,2.8982801,1.0626021,1.1141345,-0.76347718,0.88438914,-1.1833571,-0.95565175,0.90569505,1.0317658,0.78362617,2.3242049,0.9363199,3.2716266,1.3992558,1.1733585,-0.70571886,-0.71722779,3.0042709,-0.76635065,-1.1924515,-0.9646852,1.1106105,-1.0441284,0.89888569,0.99573055,-1.0016297,1.0781205,-1.1643576,0.7357598,-1.1957325,-1.1521107,1.1811724,-0.81639265,-0.79320029,0.74012259,3.0846502,1.3894591,2.2907884,0.76485577,-1.2361036,1.4836304,-0.78172805,-0.75894485,1.0979964,-1.0970934,-0.93839024,0.92221536,-0.98894553
E,3.6577162,2.4983922,-2.1613236,0.59408752,0.35652631,0.60569515,2.6607119,0.5586661,3.4604143,1.046286,0.089966867,-26.682895,0.051114164,-0.36057445,5.3307495,2.2440796,2.793481,1.3308141,4.3453796,0.52973247,-1.2546255,-3.2026047,-21.5942,2.0786459,0.79584652,0.067661926,8.530252,2.0457509,1.6070307,3.7605865,-2.1247984,2.9252481,7.6491989,1.7118454,0.64158555,-4.779509,0.029759484,1.5117217,10.667476,12.540538,-1.6418269,-22.995913,6.3181243,7.5909123,0.81528829,3.081378,-13.508638,0.17722153,1.8176877,-39.713822,-7.3105436,3.4760798,19.793598,-20.121508,0.73186993,-2.8859725,-0.26931901,5.28691,1.8810201,3.739487,-4.6325108,0.54274442,-2.8020879,7.801551,-0.20257202,-5.5395927,-26.610507,-9.0958073,2.6285943,2.4958262,4.2140744,-8.995422,0.31815055,0.48791745,-2.4055738,14.021255,6.5778133,0.36478141,-6.5572542,2.0580907,-17.579765,1.3090962,3.1600186,7.6033352,0.018129296,-34.609638,0.75179107,0.50775144,1.0818513,0.94876595,-0.48037099,2.3681434,-6.0246429,1.5717874,1.3062567,0.16416722,-12.8745,4.567885,-14.946901,0.81889646,0.84887035,6.3013891,0.0041843021,0.47227998,-18.3073,0.99334278,4.2140887,5.4903934,3.356383,1.1827439,-1.2497359,2.1326375,1.7405969,1.3509578,4.1599747,1.5266902,0.47598276,0.32371375,-1.4841593,5.3049187,1.0051905,-17.37888,10.196767,-7.5428959,2.6736397,0.17915453,1.0528345,0.86556695,1.2701424,-18.672264,0.18997396,-6.8187,0.41193975,17.518695,1.9788575,4.1491544,1.5368447,10.656246,-2.6773263,-7.3550894,7.5108616,0.2870477,0.85812054,0.71929917,0.78015799,-8.6190257,1.0607852,-20.383348,-11.984709,-5.7116786,0.52739135,0.063661019,0.72044834,1.0862322,0.025371894,-16.113016,1.3474707,2.7727684,0.4757937,5.8591751,2.0090376,-4.7054962,3.2217185,-7.4937689,0.061499313,0.29514446,0.74884415,13.672151,-9.6081487,3.7495295,4.2929306,0.40045299,1.9391104,3.1721973,0.93441912,9.9836482,0.026557977,-41.095223,0.60549891,1.249749,2.9223904,2.535023,1.5578796,-3.4700459,0.38810576,1.7797477,1.327939,0.18024677,0.9786659,-9.4549829,0.21760675,0.64674261,0.89755382,2.387915,1.7992637,-1.3063088,1.0697694,1.758027,0.87209929,0.35025932,5.7635669,-3.1622019,0.15819214,0.40788207,0.31562704,2.4695392,-3.459012,4.6543962,0.81294061,16.571686,9.114027,2.2965266,2.6526609,1.0538235,0.3829088,1.2112145,-4.5281137,-1.2489014,8.4888823,2.0984581,1.1898595,0.12622608,2.1546178,1.5647253,1.9277739,4.5977559,1.4797554,0.39365094,8.4943346,0.82000337,0.80546694,1.160668,1.6347805,0.30053124,4.6776024,2.9419918,0.36811207,6.6843221,0.32995333,-13.892519,0.42066372,0.048825853,3.2530122,2.992963,3.5497283,1.8011218,1.2667356,0.70862056,3.4919743,5.4717406,1.106936,3.6524171,1.8440108,2.8215032,-60.557251,0.26499361,4.6989936,1.6060543,7.2042441,3.5712178,-3.4784662,0.90968222,2.2866751,0.40797472,1.8720971,0.89609521,2.2412552,1.7959492,2.8425097,2.8909819,3.6860897,5.5416799,-6.6796774,1.4567057,0.37864678,3.2872098,0.31913014,-16.560567,-20.96227,-2.7161646,1.9570289,0.11114362,8.2472169,0.57848542,-0.79514728,1.6011487,0.60056312,1.6339585,4.8051778,3.7441963,0.27585478,0.53273725,4.5663759,14.227177,4.7666535,0.56579511,1.1692248,-10.661696,7.3393001,0.66484325,2.9919492,0.83282851,4.2154406,6.2263055,-10.69742,5.0946202,0.81387842,10.546439,0.060591756,0.42765534,7.9310401,0.49871348,2.4230921,1.5018989,1.2551128,2.4772688,0.027956677,-16.217953,6.8817977,-22.553973,1.7442737,0.52478605,3.2341729,0.57520828,1.2442698,-2.5782408,1.6145039,3.5258816,1.6145421,0.067683168,-5.1419409,0.62137882,0.049066508,-0.45079838,2.2647884,5.5650611,-9.3901154,5.31269,1.7974257,-6.5536237,2.1276726,0.4715213,3.4933339,11.684673,0.07723765,-7.3311806,5.5930665,0.94858081,0.0097512143,12.612569,0.23382597,1.2318608,-1.2268808,-25.716325,-10.362551,0.21966752,4.3214968,5.5992925,0.92848127,1.5393048,1.7050927,0.47208229,2.5315986,1.8172934,0.030326906,-3.5075961,2.5214737,-8.6748282,0.50050087,1.9256315,0.064432178,3.4991901,0.025706713,1.1433152,-15.613426,12.770457,2.4338342,1.3146722
F,2.209566,0.32859676,-5.0741151,0.18061842,-1.1260342,-0.10136819,0.1503072,-0.87555592,-2.5696084,0.28486781,-0.27784869,-0.61940632,0.0056786794,5.8801323,-1.5327295,1.3260597,0.82383128,-0.73481537,0.13437703,2.2069696,0.41893728,0.60642663,0.80362035,0.2239301,-5.8310333,-0.089194524,1.9177871,0.47534726,4.467961,-3.2633212,1.7458056,-1.9408622,7.9073259,-0.322289,0.3403055,-2.0199349,-0.43166911,-0.02315549,1.9144767,-6.9846179,-0.17756388,-0.035116482,-4.850499,-1.2086969,-0.89553829,4.0170156,1.6995416,-1.395541,-0.52532569,4.4238716,-1.4683125,-0.18398526,4.2620327,5.9088659,1.661628,-1.0833632,0.58254653,2.3860695,-1.6581398,0.64714236,2.5758159,8.5998662,-1.5640978,0.052588092,-0.32812011,0.032063423,-3.9498483,-0.39131342,-2.0852197,-0.32522529,-6.4410295,0.47411586,-1.5458013,-0.58077695,1.1283998,2.712278,-3.8243576,-0.31339292,-3.6805827,0.85449564,-1.1035153,6.5182818,0.71686147,0.13157277,-0.29097331,0.7989171,-2.500116,2.1494327,0.59573929,-1.0057155,-1.6562794,-4.6417191,6.8847552,-3.5925704,0.51286104,2.8614946,0.058024118,-0.53726768,-0.17700394,3.2975633,0.58377222,1.8892142,1.5240116,-0.11004929,0.62690202,-8.0675451,1.3003537,1.1595753,-0.49740219,-4.2103384,0.53994976,0.26528875,-2.2314709,0.6599974,-1.7712006,-3.3967171,-0.70120235,0.16440117,-5.6349254,-0.53924406,-0.052436338,-1.9656903,-0.95117062,-6.354559,0.34897387,0.69964293,-1.8199049,12.917364,4.3928699,-8.260104,-1.6566787,3.5590241,-0.65736026,5.9467984,-1.2944177,-1.2446914,1.8415716,2.4962622,1.7879425,-1.1996153,1.3072598,-1.7011338,1.4296048,-1.0219742,1.1344392,0.8423143,0.076232541,0.64504149,-1.1803417,4.0464925,0.82218595,3.5320971,-5.050426,-0.92355564,3.7461728,-1.6143104,0.44442295,1.0208686,-7.9831475,-1.9243553,0.78469297,-0.52147422,-0.26919393,1.0687314,0.24910765,3.4389759,1.2171974,0.6879016,2.0707746,0.42711355,-6.405115,0.010621579,0.49183832,-8.7302102,-0.25639678,0.22812499,-0.24241907,-0.21917521,-1.9686433,1.8876373,-0.50214543,-2.3496758,-2.1213012,-1.1950227,-0.94462453,0.51938339,1.701862,-1.0005312,-0.011915981,4.0208528,1.3831976,2.4197239,2.3265783,-0.83417441,-4.8172097,-0.28664418,-1.3901279,0.72833073,0.84377379,3.1200903,-0.35354634,-2.6800211,1.8454109,3.5178538,-1.7539861,-2.721469,0.66190058,0.1217998,-0.012976654,0.58686225,0.48567444,-1.2025944,0.29035636,3.8671267,-0.094317782,0.29810023,0.26294734,1.304179,-0.20428879,0.040799889,-1.8457038,0.46990295,-0.55959403,1.3799874,-2.1264689,0.29182321,-3.2060823,0.75374046,-1.1632142,0.10649527,0.79807683,-2.8242313,3.9026002,2.5188188,-1.3020132,-0.42156122,0.33452693,0.74734261,-1.367747,1.9956226,-0.14802929,0.6397246,2.7406867,-4.5861626,-3.4892862,-6.4934255,-0.71490841,0.51726907,0.23773007,0.95185909,-12.652788,-0.9539894,-3.6494652,8.3099075,-6.1175036,0.52810266,0.8417005,-1.5795904,0.46094861,0.32574383,-0.39717862,2.4265189,-0.026417315,-0.29761082,1.7139152,-2.2671546,3.8474852,-0.88329992,1.9915209,-4.9104179,6.8273956,-0.69544167,0.70201031,0.37353088,0.32832137,-2.0578351,-1.0397239,-5.9769957,-0.54994626,-1.5790889,-1.6295127,0.18449998,-0.85752117,0.042592733,0.5237958,1.3319025,-1.1220676,0.61551206,-5.1449957,0.61256748,0.58839192,-1.0791578,-0.60159846,-2.3501046,-0.39343275,3.415131,-2.5471832,-6.1296852,-1.6661611,-0.76233199,0.53376007,-2.3993059,-2.3115953,2.4719185,-3.7277223,-3.3219737,8.3473416,5.2850641,-0.73996558,-0.13466133,-4.220936,0.89244487,0.24328813,-0.49656547,-2.7886265,-2.6304288,1.0342168,-3.4144202,1.6435041,-5.5447901,0.46987908,-3.0591231,-2.5297387,1.6383497,2.9165604,0.68917774,-1.0270672,8.7966179,-2.9486267,2.184214,1.4157565,0.99637258,0.97233621,-0.89948219,-2.6937284,-1.1855063,-7.6955698,0.12529372,-0.15508176,-3.1084021,0.39560456,-2.9342218,-3.1983862,0.76803331,-0.12547463,-0.18222225,2.1110162,-6.4836567,-0.06654793,0.14363077,3.4037247,-0.22060548,-7.6872,-0.19345811,0.88222461,-1.6509934,8.882259,0.17472542,3.3600041,1.4074429,-3.6971383,-4.7188635,3.4820536,-0.11416924,2.3898025,-3.9390977,0.74219273,4.1920657,1.5929462,-9.2197708,0.21891633,-0.3786941,1.4355372,1.4334569,2.553325,-2.7372159,-0.16669288,-0.38005617,-0.43180675,0.47558652,1.340581,-0.076521055,2.0863062
P,0.62587188,0.77627393,0.56474722,0.44691622,0.7529469,0.64415987,0.28525775,0.28382165,0.60891664,0.63865568,0.43148814,1.1209593,0.81049835,0.33878632,0.3050937,0.38495692,0.62972038,0.22903935,0.68773865,0.71691455,0.74125128,0.50645336,0.58565262,0.35573473,0.45399483,0.91713919,0.52646531,0.99044632,0.80751321,0.37893054,0.60445189,0.91775506,0.50165681,0.65785912,1.0335513,0.2762663,1.1795867,0.41905404,0.85746633,1.114837,0.67423949,0.56771936,0.95378509,0.49136147,0.38264487,1.2295835,0.86525473,0.4833383,0.27502187,0.57205793,0.64556338,0.52493872,0.41257481,0.482997,0.39743785,0.66933192,0.62688429,0.34951751,0.53453649,0.37283177,0.39829246,0.64229338,0.82653022,0.66724816,0.62443827,0.41035056,0.31017003,0.73169406,0.2904935,0.51830436,0.49286726,0.51849181,0.62925845,0.67689294,0.25480346,0.70218087,0.44801271,1.1881557,0.77483236,1.4920008,0.21936463,0.89358672,0.71463385,0.53690588,0.20891723,0.61638132,0.76629085,0.69844054,0.16138614,0.23262053,0.2386134,0.42168299,0.58184704,0.82437647,0.61707052,0.5483067,0.47945379,0.24415074,0.44616286,0.49283427,0.64023328,0.73293412,0.5602178,0.6977709,0.55223105,0.54191614,0.29604254,0.36501377,0.46102546,0.65824852,0.60573008,0.93286909,1.2549176,0.74302393,0.41895985,0.4359174,0.55420818,0.88195297,0.75714453,0.64490657,0.81779588,0.76641421,0.50273013,0.59947904,0.33620596,0.49146098,0.69879293,0.58920836,0.77391349,1.181072,0.97112849,0.53742475,0.42285371,0.51171695,0.38319566,0.78875517,0.29119941,0.6661115,0.6287775,0.56632068,0.87486134,0.66918535,0.74778778,0.66385536,0.85606703,0.55225914,0.93497895,0.90295837,0.54672627,1.5151854,0.37996868,0.70332731,0.99213058,0.55370076,0.62106789,0.44748493,0.5506499,0.6511536,0.59742928,0.94108874,0.72479722,0.83243457,0.57605543,0.63389904,0.46686622,0.68848887,0.50816699,0.62044188,1.1096946,0.30304744,0.29527858,0.90257327,0.88099364,1.0065709,1.193853,1.3291861,0.5909312,0.41761946,0.65943168,0.49044411,0.35413103,1.0321756,0.87980866,0.44688127,0.44128147,0.41611307,0.4599209,0.65914958,0.92430051,1.1705875,0.41520325,0.55522565,0.25354901,0.80057075,0.52120402,0.12188136,0.69802215,1.0741086,0.5578959,0.69875289,0.81581766,0.26231415,0.54758297,0.7158509,0.65582709,0.62008203,1.0959743,0.35459543,1.1741571,0.50278806,0.8859374,0.79635508,0.36129147,0.4521854,0.37406675,1.086441,0.64999514,0.65094077,0.6532424,0.79657193,0.47440811,0.39303556,0.34278993,0.40765079,0.93098725,0.93476412,0.61671066,0.6451557,0.35589299,1.0109313,0.52359181,0.99733716,0.59880602,0.90895943,0.22306061,0.52319718,0.4058545,0.34261866,0.46911576,0.33958267,0.70606079,0.44625134,0.47935806,0.43164419,0.76028626,0.7587144,0.52073688,0.50556145,0.75273101,0.71584635,0.52024109,0.49652981,1.1992791,0.75004821,1.0769629,0.41066224,0.2640924,1.2508974,0.78539264,0.65078355,0.87399228,0.34926306,0.64731921,0.55249799,0.4953496,1.2230038,0.73131727,1.4090743,0.35280846,0.76868294,0.75875931,0.31703867,0.90569675,0.37930952,0.41858786,0.92054372,0.47644597,0.78774157,0.98553804,0.44026826,0.36222379,0.19149912,0.51032864,0.37755886,0.59047427,0.90685165,0.6344508,0.23383428,0.3895848,0.5411426,0.52055563,0.5461273,1.0750322,0.45919093,1.6007448,0.44889692,0.32241791,0.72488102,0.70145577,0.50719432,0.58499455,0.78938914,0.67475344,0.6188849,0.82363404,1.0665601,0.86533624,1.1008258,0.83464245,0.67233271,0.31517542,0.2310281,0.34186652,0.42597387,0.87619287,0.46734723,0.45950084,0.45030595,0.65989181,0.7073244,0.34499604,0.7217786,0.83073729,0.71051896,0.21386171,0.55015971,0.69965787,0.33022494,0.38989545,0.21696636,1.0673107,0.4196445,0.97134476,0.72283849,0.30590593,0.61339778,0.40961345,0.9748179,0.6589074,0.7329379,0.35784459,0.6099081,0.7790154,0.18146229,0.66772321,0.4063313,1.1628053,0.26420564,0.61662109,0.29935567,0.81312407,0.76998769,0.63473735,0.6393374,0.74699883,0.87314229,0.23572947,0.52758637,0.77992615,1.2941495,0.7276938,0.52309124,0.43038201,0.31744008,0.98174651,0.80790622,0.51110771,1.2827086,0.47447544,0.35445733,0.27592271,0.76540774
Q,0.7694233,0.172018,0.14417164,0.69731734,0.21814665,0.94014893,0.85470288,0.88967577,0.92878944,0.69386896,0.18824737,0.12352272,0.60070756,0.61913422,1.0547231,0.1434505,0.17713478,0.16797111,0.93729193,0.66954369,0.091987922,0.15122228,0.16573848,1.2011222,0.55588159,0.66652346,0.1427354,0.16258597,0.15912278,0.18596657,0.20662693,0.57952195,0.66311205,0.36115269,0.20309845,0.46252797,0.11912784,0.47174527,0.25848992,0.87349894,0.077674434,0.29380046,0.10095678,0.82689495,0.11060338,0.52219918,0.7845238,0.54888101,0.35593842,0.200812,0.25243391,0.94975088,0.40643737,0.93175039,0.91470072,0.13912103,0.19345839,0.47375264,0.084974391,0.22679059,0.1082221,0.4243305,0.6446755,0.20247311,0.91521868,0.97754888,0.38992492,0.68939387,0.16010376,0.21371668,0.94294714,0.72777552,0.96249008,1.0380941,0.56072451,0.77223276,0.093371637,0.32324213,0.38355659,0.88577055,0.73417802,0.69565671,0.15119011,0.55859159,0.707678,0.18081042,0.722538,0.57755877,0.9470498,0.42763503,0.48650846,0.85421209,1.1910266,0.70158862,0.95656845,0.083377269,0.12063213,1.0031521,0.39388897,0.17768504,0.74841883,0.34287399,0.67545582,0.30556839,0.4907027,0.35175172,1.1514907,0.89363754,0.72255446,0.18569389,0.33967706,0.15388646,0.51472157,0.98255625,0.96873032,0.47172128,1.1689542,0.80816764,0.40212663,0.73328163,0.41329449,0.23587485,0.13012923,1.1510182,0.12738309,1.0072124,0.54443563,0.07805189,0.50502097,0.6501836,1.0498999,0.65791574,0.21103747,0.17702565,0.61818776,0.38187913,0.99743039,0.20906066,0.62709853,0.21577899,0.39394377,0.56722065,0.61132481,1.0795095,0.32024298,0.78147426,0.82842814,0.70550662,0.12941282,1.1926339,0.2229951,0.59422445,0.10182773,0.57400691,0.58017402,0.097000121,0.50664106,0.78119521,0.18383184,0.18530468,0.61276029,0.61975884,0.82952613,0.48985129,0.66149796,0.6452258,0.23575489,0.54164755,0.36812207,0.84813746,0.14096024,0.79039628,0.71287696,1.2108837,0.20458539,1.1152574,0.56541824,0.78511941,1.0702294,0.69456822,0.21980518,1.0634862,0.13315328,0.64028333,0.21859357,0.1626039,0.099053091,0.16135309,0.54910237,1.1482504,0.91443096,0.90902728,1.1071531,0.62702916,0.12727987,0.46666757,0.95881095,0.75686377,0.56026486,0.64628984,0.51095387,0.15034862,0.22862377,0.10693188,0.5096528,1.0424283,0.23935713,0.58501373,0.052971346,0.39707688,0.68187012,0.54278696,0.33932988,0.14252522,0.5690826,0.93225202,0.49433134,0.60810466,0.52963461,0.50560903,0.11385791,0.66482788,0.92228538,0.56556993,0.85538939,0.94481182,0.14128341,0.26562081,0.17284214,0.071352608,1.0784337,0.65907119,0.1546696,0.67575931,0.69297758,0.43481116,0.1362921,0.90056791,1.0991472,0.20570956,0.21317398,1.2172554,0.39289624,0.81614745,0.47361095,0.16910571,0.12831018,0.93008923,0.54989836,0.8456838,0.6863735,0.1778099,0.12904844,0.087677408,0.4045404,0.72640507,0.64086514,1.0060415,0.89535721,0.45972718,0.12648061,0.077048599,0.98635527,0.86621332,0.22064839,0.88167376,0.69193026,0.42440889,1.1569478,0.40579323,0.16894351,0.095020707,0.14139447,1.0797204,1.2233215,0.96317879,0.1176643,0.52602877,1.0983024,0.55142327,0.29303744,0.27651292,0.63519377,0.79937423,0.11758477,0.86126838,0.095592473,0.49116031,0.28208907,0.7057199,0.090907806,0.1674266,0.7265195,0.58690841,0.10592798,0.45256275,0.91555239,0.36283907,0.55074614,0.57820578,0.67901743,0.63383516,1.0378251,0.15300575,0.87934691,0.73187298,0.68712224,0.65378409,0.22427827,0.51104737,0.26277559,0.16578605,0.23086969,0.36748394,0.58195707,0.54981199,0.47526199,0.82971057,0.43842929,0.37294023,0.77645576,1.1548089,0.1358593,0.1398932,0.56163127,0.09523841,0.90899384,0.6923149,0.14004406,0.78738394,1.1251229,0.94790246,0.13703545,0.1236756,0.92567711,0.09967537,0.58506278,0.1698538,0.45748417
R,0.83202288,1.0285236,1.5689218,1.0412742,1.311688,1.6294441,1.2583003,1.5381596,1.2174854,1.298878,1.3264166,1.1534655,1.584223,1.283922,0.79756691,1.3920671,1.591396,1.2647894,1.5747199,0.64211568,0.66651983,1.6619301,1.6588514,1.2886044,1.2775779,0.61888106,1.652933,1.2231544,0.63980801,1.1150358,0.65171313,1.2913626,1.513545,1.6244303,1.1655038,1.2287546,1.6296375,1.1179698,0.63658923,1.2828062,1.6652728,0.90942746,1.2436926,1.308434,1.5872717,1.570613,1.0492944,1.6445971,1.5704235,1.1941487,1.6557771,1.2845336,1.0864572,0.88167143,1.5864974,0.59523317,1.5174947,1.1035262,1.2564751,1.323065,1.6635962,0.64870939,1.6656295,0.59240967,1.5954896,1.6651941,0.46635121,1.3844803,1.6502691,1.4709582,1.312166,1.4723653,1.3327938,0.96559102,1.2066798,1.5357599,1.3943319,1.5273344,1.3763374,1.5744492,1.6178959,1.0267666,1.2910944,0.61636931,1.2245492,1.1715552,1.2958316,0.99662316,1.3139787,1.3125738,1.1376806,1.2901889,1.2738777,1.2504999,1.0557313,1.2731798,1.2542514,1.2582961,1.1712804,1.2559574,0.93386404,1.3303532,1.0853685,1.2679883,1.1267148,1.2163954,1.0661599,1.4625014,1.2802673,0.6205778,1.6103408,1.6600769,1.2647051,0.56367463,1.5561647,1.5921692,1.3011681,1.2644718,1.1751038,1.0213147,1.305197,1.4414368,1.3020271,1.2141409,1.0261611,0.5576333,1.0916704,1.4806717,1.2380019,1.2410329,1.6268822,1.6315105,1.2103,0.52259881,1.1093517,1.6380516,1.582296,1.1232475,0.65997047,1.3104962,1.641554,1.4534977,1.1280366,1.2032654,1.3632891,1.2343145,0.56272655,1.5222577,1.3270124,1.2781924,1.3209916,1.177626,1.2388844,1.1426146,1.4740286,1.2054336,1.0841925,1.3002516,0.58129838,1.2988982,1.2681758,0.61516451,1.5138912,1.2962564,1.3151522,1.0088638,1.5070861,1.2940463,1.2768354,1.1727073,1.5735557,1.2790154,1.638785,1.2266863,1.4153354,1.5584474,1.4776261,1.0060492,1.6290475,1.30906,0.93197935,1.1481757,1.5342597,1.0547828,1.2853396,1.1201751,1.6189868,1.4176281,1.327106,1.275502,1.3816799,1.3087622,1.3767078,1.2228073,1.646005,1.3858064,1.6658753,1.2548494,1.1283057,1.1973876,1.6207422,1.5953814,1.311408,1.3147456,1.5360243,1.6137983,1.0177415,1.2221726,1.0832722,0.6507335,1.576518,1.3231605,1.2861908,1.1590622,1.362651,1.3005003,1.2803686,1.3050084,1.607633,1.1625011,1.5882115,1.1789056,1.2203777,1.2761356,1.1808943,1.4163527,1.5468661,1.6091135,1.6440466,1.5274205,1.6245934,1.3223908,1.1416331,1.504801,1.1637751,1.2718638,0.65120101,0.65150419,0.55227876,1.5601577,1.0395762,1.290989,1.3280568,1.2757917,1.5954285,1.3318567,1.1976666,0.503655,1.1148795,1.6312797,1.2219714,0.6544592,1.2956232,1.4355756,1.0588709,1.2356043,1.1748475,1.3309214,1.306222,1.5682504,1.549947,1.6377429,1.5051024,1.2732634,1.3052053,1.1531969,1.3036485,1.2473189,0.6563053,1.6513577,1.258286,0.66327319,0.63314539,1.311409,0.57097926,1.3043693,1.4255323,1.4401698,1.557486,1.1263672,1.6460139,1.2678299,1.6351702,1.0481383,1.3041857,1.2150556,1.4848128,1.2316714,1.2032904,1.4046577,1.250683,1.0094347,0.63225922,1.2976538,1.2549778,1.6318887,1.3296723,1.0649535,0.46923822,0.63499177,1.6442293,1.4083867,0.9633133,1.6524265,0.64093514,0.61289861,1.6117792,1.4893441,1.4892906,1.1409868,0.6212726,0.53747028,1.29282,1.2084442,1.2275219,1.228777,1.2780351,1.2689413,1.0702595,1.2772486,1.6053241,0.63711535,1.3120778,1.5476122,1.2677937,1.4815999,1.2430475,1.313883,1.5862153,1.6495745,1.5798625,1.2846365,1.4546416,0.92380542
G,8.3778577,9.3673638,8.1318646,7.7929947,8.3923774,7.6131738,8.829447,8.9734032,8.5490186,8.6631847,9.0960081,7.3911424,8.8629295,9.1580219,7.3545318,8.2020768,7.862995,7.7933044,8.1326661,7.5623628,8.5242636,8.3720673,8.3093604,7.9849349,8.8017949,8.7141769,8.4612432,7.5769981,8.1285782,9.3382033,8.5784335,8.3161909,7.9941011,7.576397,8.8186463,8.1172287,8.3466549,8.8107694,8.0754291,8.4610811,8.3183512,7.6554064,7.7927533,8.5736926,7.9952604,7.8148645,8.766967,8.4969173,7.7750529,8.2537663,7.7881413,8.5474518,7.5873797,7.9492649,8.3938004,9.0191937,7.4675777,8.4893949,7.9545584,8.0167773,8.2694047,7.8622446,8.6960321,8.4788709,8.9182694,8.2363805,7.9257963,8.3080956,8.3912232,8.2126545,7.7590099,8.2058883,8.2821957,8.3435783,8.6313581,8.6714031,8.4129337,7.4657831,8.7978015,8.4534678,8.3675857,7.3658006,7.8689618,8.7030464,8.5947632,8.1990739,7.0306,8.8576636,8.4781915,8.1965511,9.1617946,8.5718404,8.3715941,8.0420868,8.4068599,7.8118336,7.8328377,7.6792596,8.2294059,8.113649,7.7471565,8.8133995,8.0096745,7.6347164,8.194266,8.010954,7.5871986,8.5251269,7.8709141,7.5737787,7.866606,7.8974794,8.4393246,7.9857276,8.6059115,7.7827788,8.1620302,8.647578,8.2370473,8.3454417,9.0044701,7.158555,7.3383206,8.9890396,8.0654384,7.902557,8.3451759,7.8882671,7.8552228,8.5917769,8.2907796,9.0716606,8.8512049,8.486089,8.6396975,8.0416084,8.3688871,8.7493392,8.0974203,8.4178332,8.3624305,7.5120476,8.5252333,8.0934282,8.0600082,8.8047435,8.1919533,7.744361,8.2721991,8.4189408,7.7465383,8.5809343,8.6931319,7.7814174,7.7433503,8.2972318,8.9948454,8.4409821,8.9642258,8.7729605,8.2810092,7.951977,8.3214648,8.8995048,7.9364487,7.3805837,7.2347403,8.0258198,8.4172179,7.7099551,8.5620529,9.0640954,8.8049718,7.8631033,8.3045825,9.2389851,8.6553444,7.7504226,8.1023012,8.582857,8.9800397,7.018192,8.0382101,8.2909537,8.1093667,8.0615026,7.8570156,7.6238693,8.5691909,7.3811723,8.2349051,8.5573286,8.0623744,7.7326326,9.2014697,8.3610505,8.543879,8.3936131,7.9174865,8.668989,8.9165503,8.4170912,8.1396635,7.8889873,8.7440952,8.3119053,7.9853451,8.4392525,8.2348875,8.9796314,9.0236305,9.3189782,8.3902837,7.6993302,8.4541762,8.1124256,8.0655811,8.7270321,7.2869466,7.9248539,8.3718044,7.9939304,8.2438251,8.6234473,8.5195994,8.9872429,8.3057443,8.4953822,8.1890232,7.6472281,7.6267103,7.5657783,8.322992,8.301537,8.0947561,8.1306563,8.6598323,8.8098387,9.1204684,8.8886191,8.4847344,8.1193047,8.7845254,7.3688066,7.390713,8.8163648,8.3343951,8.1898602,9.049643,7.6698914,8.4627781,7.2486735,8.4849788,7.1967939,8.623657,8.6993273,9.4477473,7.2045575,8.1977305,8.4089191,8.4093309,7.6111075,7.7970675,7.6266986,7.5991147,8.6498257,8.5224977,8.6008349,8.3361907,8.0024415,8.4239171,8.3418058,7.4313534,8.4462118,8.541446,8.9709241,9.0856352,8.4035475,8.43795,8.4913775,8.4659857,8.1696623,8.0607967,8.0521332,8.3984586,8.2248273,7.9791169,8.4802099,8.5406694,8.1197799,8.2274414,8.3581443,8.1741167,8.3210851,8.0196566,8.6813299,8.236557,7.8875294,8.581483,7.361512,9.1824188,7.9678165,8.285227,8.7222043,8.1088075,8.559298,8.5612212,8.5564661,8.5071741,8.2332525,7.8429496,8.7843023,7.9758068,8.5492672,8.3121676,8.4236588,8.0338349,9.0160624,9.3119036,8.3628761,7.8464725,8.2794257,7.7688342,7.9148325,8.0476413,8.4596821,8.5988918,9.1638003,8.6807363,8.7829451,7.7374263,8.2678366,9.2260627,7.4153323,7.4359242,8.2550725
H,2.4284389,2.1065583,2.2491025,1.8619173,1.5519794,2.5742681,2.2317738,2.6754056,1.398544,2.0347657,2.2834487,-0.98968827,0.6382106,2.4559501,1.6692409,1.3333917,1.8759207,2.6401018,1.765677,1.5117356,1.3199503,1.8426615,2.6388115,1.7603027,2.4199275,1.9722288,1.8798137,1.6615658,1.6901847,2.8289665,1.4918751,2.4327902,2.0412001,2.013846,0.58522851,1.8124553,1.2771311,1.6629328,0.3298521,1.9938676,2.2511484,1.7517635,1.8874772,1.9012663,2.5222687,0.77709784,1.5082039,1.7498451,2.1755094,2.7655104,2.1653691,2.3485282,0.75267978,2.3902317,2.0093096,2.7211422,2.6361402,1.9792825,2.3755199,2.1610517,2.4047917,0.088464825,2.224204,2.3445627,2.395034,1.4135745,2.1152239,1.7414846,1.7256837,2.1407027,2.3947294,2.5858636,2.3075214,2.4529823,2.3224584,2.6757793,2.2144745,2.0898881,2.5827285,1.4069647,2.5070839,2.126885,1.8325905,1.9556674,2.6959129,2.4274365,1.6034584,0.5931725,1.3775805,2.0322371,2.2703775,2.5464275,2.6205617,2.5280502,1.2867937,1.8492223,2.0303693,2.7335093,1.4938875,2.1075194,-0.65918624,2.7999234,1.9922064,1.8810345,2.1418955,1.7061447,2.6269987,1.8050319,2.213325,2.9942432,1.9896961,1.7917855,2.0418716,2.6876263,2.7177692,2.246328,2.4348369,2.2324523,2.0696681,1.3553307,1.832788,2.0011292,2.1860287,2.0714743,2.2495872,1.3690882,2.2471613,0.57346992,1.8389902,1.2917261,0.96897136,0.6526923,2.5287128,1.2055894,1.8985312,1.4860223,1.1781369,2.2896762,2.2166133,2.0467575,1.8517801,2.7057169,2.6107372,-0.80196292,2.4548506,1.5372282,2.5949044,2.2071575,1.6932801,2.3045641,1.6860264,1.7499227,2.6386262,2.2995798,2.2357478,1.6430429,2.4985662,0.93477757,0.81590304,2.0185582,1.5309782,1.6128012,1.5101722,1.8054969,1.762638,0.75834823,1.2168994,1.8527494,2.1261312,2.2815479,1.9608094,1.7297235,1.4270657,1.2048223,0.97012651,2.4277574,2.0947041,1.1883182,1.234897,0.78191555,0.66199383,0.86494204,1.2476806,1.570515,2.3805999,1.3821195,1.1509175,1.4616013,1.0606402,2.0124219,1.8983646,0.65502514,2.0733727,1.2924089,2.2719651,2.1025029,2.0057203,2.1186734,1.8330746,2.254656,2.4323232,0.98660346,2.1924526,1.9820425,1.7605955,1.8304455,1.4128188,2.2597601,2.3776157,1.7228452,2.0271613,1.3334427,2.2472168,1.2739794,2.5328035,1.3950836,1.9609512,1.9457105,1.4612288,2.81676,0.82024019,0.67567693,2.5770032,1.396957,2.4440143,2.1225872,1.6187879,2.4122477,2.66716,1.977578,2.5892314,2.1947763,1.7262001,1.9974943,2.25315,2.5130865,0.42658963,2.372424,1.2933444,1.5277725,1.8100582,2.4015796,1.663425,1.9563042,2.700862,1.8915355,2.1637385,2.8786459,1.6976243,1.2723327,2.5915344,0.35064049,1.7530308,2.3988551,1.8108565,1.7246615,1.9852839,1.0003001,2.4609526,1.8680633,1.6943193,1.7220161,1.8425168,2.6089612,1.9477038,2.2265047,2.2151235,1.8721909,1.364262,1.8471079,2.1087693,1.9385433,2.6139502,1.7911047,2.2131005,2.6257413,1.6330795,1.26779,1.6073615,1.4983703,1.6328373,2.8398574,2.6841806,1.6224439,1.1909998,0.98353161,1.595418,0.89630333,2.1515752,2.0861415,1.2293528,1.5375906,1.4159405,2.3172063,1.7982631,2.6004724,1.4790535,2.5463348,1.7641318,2.3569379,2.5463781,1.2544155,2.2708427,2.3165989,2.0676698,1.7325769,2.3728967,2.4445086,0.6401702,2.5275298,2.1245611,1.8761869,2.5958412,2.0569933,2.8729872,2.572845,2.4562891,2.0512325,2.1254539,2.2724794,1.1894366,2.1095415,1.2710789,2.3353746,1.7808327,2.1414611,1.0799574,2.2963326,0.89592713,2.2757365,2.1486529,2.3542389,1.8936456,0.94309985,1.912039,2.7470055,1.668392,1.8840341,2.6071697,2.4350148,1.0075267,2.3429901,1.8940143,1.2684851,1.7008332,1.5735005,1.5059666,2.3706061,1.7678353,2.4074602,1.5244079,2.3144567,1.580293,2.2320309,1.7605928,2.919389,2.1023568,2.1275287,2.298632,1.3348098,1.8674329,1.6589767,1.5251807,2.1022296,2.2871114,1.7928782,2.6587635,2.6307966,2.143489,1.7483203,2.3978268,2.3491897,1.7109359,2.2560017,1.659611,1.2611033,1.0775484,2.0154482,2.7649445,2.8323827,2.1068188,2.7514687
I,0.88694716,0.97134654,0.98184957,0.91397699,0.99794166,0.92180844,0.84943226,0.14908547,0.9848411,0.74866566,0.48220578,0.98468622,0.2832536,0.50256699,0.80848989,0.976635,0.99539739,0.77809475,0.91972469,0.9014806,0.99043161,0.94677081,0.88498893,0.98795735,0.85478914,0.97195459,0.42635793,0.89002921,0.6762904,0.74210183,0.97818637,0.99999824,0.92744983,0.99621954,0.96304486,0.99746888,0.99427792,0.99826262,0.6371529,0.96814907,0.78993159,0.97546212,0.1557922,0.84635117,0.9859497,0.93651311,0.79456968,0.97795221,0.98376044,0.96919419,0.99998814,0.8206622,0.96049441,0.99786552,0.98964639,0.98742723,0.93498071,0.99099315,0.96146061,0.98707665,0.94609372,0.53708379,0.99832202,0.99959802,0.80463322,0.998107,0.99920889,0.9924065,0.99381888,0.98696481,-0.13562061,0.93113042,0.89392107,0.46425538,0.99389803,0.9990097,0.34564001,0.99997816,0.99336594,0.41893088,0.90890478,-0.012926987,0.99821247,0.75007635,0.7373166,0.96358893,0.7214958,0.60729597,0.93185594,0.99077899,0.99946242,0.99700424,0.92628072,0.64761902,0.9943834,0.75394322,0.24033563,0.81087817,0.61091261,0.8596423,0.83099036,0.99278767,0.98686699,0.53577306,0.99994213,0.95380999,0.9233654,0.45400239,0.8191883,-0.57830966,-0.16244224,0.82423295,0.88768109,0.78019002,0.97765321,0.57274207,0.99990499,-0.02522322,0.92263295,0.99803884,0.99766437,0.99024419,0.99896495,0.99391375,0.71354562,0.99196846,0.95225496,0.99596974,0.30249615,0.98997558,0.85153203,0.99471211,0.78341492,0.87948553,0.98828655,0.76120149,0.49846695,0.9786223,0.98366695,0.96087311,0.93582765,0.99493407,0.86759019,0.9911496,0.61086064,0.99667642,0.58114604,0.91763938,0.96962254,0.99191277,0.99370242,0.96431573,0.9512685,0.94435357,0.86910407,0.83822861,0.99971181,0.99883263,0.99990153,0.8383766,0.99659885,0.68397033,0.47928273,0.94307255,-1.1869384,0.96943596,0.99654733,0.90465629,0.92945157,0.83943263,0.85751128,0.97356066,0.86644733,0.95851101,0.57579949,0.42932836,0.67107567,0.98493208,0.84494734,0.94962255,0.94999344,0.86454309,0.89957493,0.9517291,0.99878753,0.95123788,0.73546259,0.55685466,0.93398938,0.91566996,0.99600692,0.95693216,0.67672233,0.9997829,0.66425183,0.98686561,0.99157546,0.59304173,0.99965844,0.88243088,0.99985706,0.99152432,0.91530302,0.99951996,0.99974363,0.98916454,-0.16060815,0.97125994,0.9942485,-0.055808479,0.92703723,0.99544569,0.64887772,0.76432609,0.65601311,0.99999552,0.99969598,0.99995727,0.77370408,0.98612226,0.99754662,0.95981165,0.96191137,0.96775427,0.98480487,0.98543362,0.79239528,0.23078634,0.68285898,0.99992824,0.99764076,0.96528717,0.95579249,0.95426466,0.68472129,0.99922574,0.99930327,0.96998261,0.98948526,0.97663057,0.99719422,0.31159979,0.90769696,0.99987305,0.96702021,0.65411253,0.96397802,0.14055462,0.36801081,0.70253341,0.83963407,0.94466339,0.96649803,0.48263726,0.99577067,0.97569836,0.98140189,0.98879447,0.99834023,0.81810971,0.98218925,0.87297218,0.96621421,0.44657527,0.78899558,0.61890699,0.81263778,0.89865765,0.99844858,0.99982236,0.99999084,0.92341042,0.96965496,0.90208006,0.80765729,0.87533897,0.99859527,0.94492884,0.33473408,0.99167543,0.85849698,0.20442668,0.9977165,0.99933508,0.96361329,0.9739791,0.99564925,-0.1784934,0.99379763,0.99819372,0.98570403,0.96999156,0.99005732,0.86705004,0.9968905,0.99646761,0.96864023,0.98810688,0.97945971,0.9800663,0.34087794,0.99265677,0.77489547,0.97835119,0.99020891,0.98507421,0.78409542,0.99998544,0.95039404,0.97939381,0.80453009,0.99100546,0.99949176,0.74210595,0.86564173,0.87201455,0.94556875,0.97488071,0.28698538,0.9961958,0.92082316,0.65364369,0.996898,0.99712229,0.64169645
J,0.98876781,0.97457203,0.907803,0.94694644,0.99252331,0.9116491,0.89505741,0.85854212,0.94724735,0.94087287,0.91220063,0.91891462,0.78190698,0.97719601,0.91085183,0.96563373,0.95408804,0.95926386,0.96837751,0.75964014,0.94043026,0.78309711,0.99535778,0.94656745,0.9119181,0.98917646,0.92055712,0.95681,0.79160922,0.87698043,0.89441538,0.99334627,0.93440548,0.96458691,0.81811156,0.9169464,0.9035975,0.79717628,0.86446343,0.73792768,0.82353595,0.79767402,0.82705411,0.75000222,0.90761704,0.87023521,0.91958505,0.95864606,0.90912788,0.94077802,0.81322442,0.90289733,0.9981887,0.97698177,0.95094928,0.92121005,0.9703301,0.80597977,0.99303153,0.78063657,0.86496007,0.93747727,0.79499458,0.82929035,0.83497219,0.94911271,0.91227395,0.99465235,0.75138464,0.7812808,0.98488754,0.95725754,0.97347224,0.92686221,0.99231572,0.98263546,0.83500801,0.98970972,0.77575427,0.79014528,0.89756315,0.9756015,0.85622899,0.91100361,0.83917597,0.98695734,0.96112867,0.93532613,0.96256927,0.99510858,0.68700292,0.72572137,0.76453373,0.99173756,0.87123365,0.80498114,0.99958097,0.90283519,0.86735979,0.96998093,0.97813447,0.751264,0.92861221,0.91810999,0.98666488,0.87926839,0.86957626,0.9947467,0.97817914,0.97951289,0.61032008,0.86272341,0.86383274,0.9821843,0.83592573,0.97432052,0.8804449,0.74293708,0.7926656,0.77416603,0.92329725,0.96424847,0.9380225,0.76679144,0.9309331,0.93564956,0.94639106,0.84096886,0.95135797,0.99806693,0.87513362,0.91634946,0.98405235,0.84912933,0.85411188,0.95750637,0.92091106,0.98558525,0.83158146,0.94344177,0.99991027,0.98782234,0.58880367,0.95317047,0.97014013,0.75075576,0.85579321,0.91288385,0.91144872,0.93445017,0.75660644,0.89656307,0.94313544,0.73336003,0.99423026,0.98161315,0.91866297,0.93312272,0.98776204,0.94704301,0.99378979,0.99333198,0.99951047,0.95445344,0.57180307,0.93585222,0.84064836,0.7070551,0.79530011,0.982959,0.84305911,0.98990809,0.99520757,0.97408115,0.99557836,0.95282115,0.97570601,0.88449468,0.97604051,0.7614489,0.81706567,0.86576225,0.87143425,0.8367407,0.96586537,0.8163541,0.92025409,0.84761481,0.86664244,0.98994025,0.9548808,0.96970618,0.94323779,0.94314185,0.83420939,0.96232372,0.94335696,0.98722811,0.88617041,0.99162343,0.96214939,0.91894197,0.99813903,0.96073254,0.99149594,0.90787758,0.85383772,0.99920717,0.97771011,0.98706471,0.93780968,0.99759944,0.99557055,0.96523595,0.80907567,0.92582015,0.76260611,0.96242366,0.84366377,0.98823872,0.82341805,0.96956682,0.86532796,0.86286363,0.94906718,0.82133925,0.95195709,0.65417701,0.95734267,0.94226932,0.96171486,0.99893858,0.97781899,0.88962418,0.89322245,0.76698661,0.98338224,0.86417353,0.92512834,0.93035246,0.98764678,0.89840039,0.80676976,0.83840847,0.83380858,0.88126765,0.98887502,0.86866758,0.88722596,0.9173094,0.97769479,0.95615248,0.95034603,0.97764325,0.94109571,0.96688791,0.92110738,0.88239108,0.88800307,0.93623077,0.86389811,0.86485832,0.99195027,0.95762198,0.89107277,0.92660676,0.87780566,0.98240651,0.92234414,0.98492053,0.97953941,0.94569186,0.57391298,0.90050251,0.87779093,0.99775121,0.69781621,0.84376879,0.89310754,0.95164851,0.85636739,0.88609782,0.98411485,0.9381297,0.71387728,0.80316604,0.86036326,0.79210088,0.90847302,0.82642466,0.88609135,0.95918567,0.85595643,0.92387392,0.97877251,0.83795589,0.66227463,0.93730722,0.99115243,0.98233301,0.85241935,0.99565317,0.88779886,0.9979172,0.97667176,0.92101418,0.97794721,0.98193803,0.76230968,0.96163332,0.74765998,0.98696831,0.79920144,0.87330168,0.99045653,0.84365853
K,0.95401419,0.54249476,1.0623313,0.99530149,0.85753084,1.1957399,1.1020933,1.1258753,1.1105514,1.2400109,0.24998925,0.38925011,0.54118238,1.2216146,0.48635334,0.94984867,1.1716996,0.99770158,1.1695391,0.83246592,0.42110515,0.12389038,1.1859353,0.066805254,1.1818514,1.2377429,1.1288738,1.2342118,0.97731245,0.63623131,0.61097719,1.0393466,0.50794349,0.67518463,0.853439,0.90509095,1.1641588,0.67929236,1.2164079,1.232516,0.6048197,0.72641942,1.0338583,0.21515269,1.2356743,1.002666,1.1122002,1.1995753,0.18897445,0.35458021,0.29215239,0.021835583,0.51109312,1.1517767,0.9845022,1.1855576,0.8667606,0.98201795,1.1938413,0.055647244,0.75578656,0.82498962,0.88791397,0.96029043,1.0841024,1.2453188,0.89136297,1.1408676,0.58972496,0.17826938,1.0661159,1.2104413,1.1324303,1.215367,1.1999146,1.2465505,1.0008372,0.95381251,0.88273851,1.1230756,0.81383733,1.2127628,1.1563957,0.91894384,0.65734857,1.2467489,0.45348645,0.43209911,1.1058578,0.70679133,1.184258,0.93929777,0.98885066,0.83635964,0.81958732,1.2215864,0.96924705,0.57677356,1.239671,1.0580299,1.2293335,1.2251063,0.84483244,1.0523198,1.047554,1.2333677,1.0706512,1.0689619,1.2068299,1.2155807,1.231837,0.49623074,0.54570261,0.02930184,0.96709249,1.1924724,1.2079056,1.0847181,0.99796193,1.0214118,0.68943832,1.2217585,1.1233313,1.2116227,1.0835624,1.1044962,0.87521315,0.84339462,1.080904,1.052487,0.88764217,1.181631,1.1481565,0.95178791,0.3725773,0.21772837,0.97634177,0.94236923,0.84919486,0.47153319,0.31811173,0.20304362,1.1992853,1.1735893,0.5244304,0.82105716,0.74771962,1.1962243,1.2376927,0.946697,0.36161576,1.2241688,0.89060788,1.0258136,1.0083243,1.1028228,0.0096252429,0.77243269,0.63089102,1.2063983,0.53179818,0.38978808,1.2384367,0.01186307,0.96579901,0.96271215,0.60024352,0.7520768,1.2323243,0.89421402,1.1462505,1.0377871,1.1341954,0.94414276,1.2225631,1.1079153,0.19715501,0.2102546,1.0576378,0.33522524,1.0200139,0.78730186,0.45614446,0.65015215,1.0673744,1.1993518,1.2283874,1.163873,1.0031502,1.2026172,1.1964991,1.0451036,0.68992555,0.44658382,0.97089367,0.76002925,1.1514366,0.87617921,1.2463601,1.0472811,1.2460507,1.070614,0.85106841,0.99136093,0.68963611,1.1831506,0.46949499,0.62706044,0.19653321,1.1394078,1.0910685,0.51006813,1.0044801,0.40955931,0.87580347,0.13080276,0.70748019,0.38428601,1.0766582,0.13748922,0.5434644,1.1625087,0.46625514,0.71896728,0.92292044,1.0426686,0.70201391,1.0330643,1.0854857,0.53786108,0.92061343,0.56394427,0.96662896,0.081308108,0.40567486,1.2135698,0.024761982,1.1902415,1.1847568,0.891783,1.1080563,0.060869927,1.2013603,0.61221354,0.64030386,1.1968764,0.92005315,0.87729281,1.0531137,0.93825427,1.1067584,1.2490103,0.096782866,1.1037493,0.27873305,0.093498884,0.51821465,0.17046692,1.1326755,1.1858286,1.1832506,0.010202902,0.93531218,1.1844684,1.1384357,0.85474229,0.90810176,1.2401068,0.99943636,0.039294585,0.19781165,1.1797767,0.7755635,1.1649698,0.38643832,1.0977805,1.185617,0.86839196,1.159743,0.65727473,0.36755773,0.38152811,1.1225832,0.56252322,1.2105125,0.38360684,1.0905938,0.10087345,1.2287501,1.1560815,1.0177765,1.2321531,1.0260714,1.1048032,1.2394816,0.53179529,1.2279171,1.0538084,1.2338032,0.6735092,0.64202975,1.2334786,0.5315238,1.2161262,1.2446429,0.86910727,1.1275865,1.2375691,0.22184484,0.65568533,0.37792867,0.86509007,1.1382759,1.0110262,0.25058687,1.2029155,1.1472731,1.0413695,1.182259,0.46241922,1.1401033,0.85239254,0.44112431,1.167551,0.91354596,0.89223618,1.0742812,0.88400061,1.1738461,1.1571612,0.64932923,1.2076394,1.2152412,0.22827459,0.93445619,1.1877484,1.1320821,0.54901108,1.1584212,1.2130412,0.04223826,1.1885088,0.14892151,0.50224105,0.19660316,1.0695337,0.13695042,0.31289622,0.1928452,1.1092128,1.214588,1.0742487,1.0614222,0.043966241,1.1979319,0.40144565,0.48429317,1.1681444,0.4804604,1.0809118,0.10791437,1.2382547,1.2026451,0.81661497,1.1841344,1.0857275,0.85213367,0.37251192,0.48087137,1.1758306,0.10990627,1.2298748,0.75472844,0.031703158,1.1242716,1.0214397,1.1823904,0.52877022,0.94382177,0.86578288,1.0245946,1.2110899
L,0.17663659,0.62444777,0.19775089,0.64297076,0.12609307,0.25301379,0.74051044,0.57908392,0.014820497,0.0081297014,0.027990948,0.45240774,0.34697047,0.026131988,0.0085692904,0.90226249,0.1373413,0.45313922,0.22491334,0.5401211,0.032194632,0.58939057,0.33169709,0.084330013,0.23741035,1.0318049,0.22062789,0.69824233,0.60613757,0.35149302,0.27871989,0.12770819,0.71330605,0.14677309,0.50872118,1.1707992,0.17188653,0.32590236,0.7098093,0.80829276,0.39379772,1.0691375,0.088441335,0.74697419,0.38363985,1.21384,0.35697182,0.46923795,0.55153132,0.18697756,0.0080189903,0.66449046,0.82664213,0.41155771,0.497148,0.47890392,0.012128396,0.65690299,0.53189678,0.56653431,0.43070804,0.59106621,0.16376392,0.23621081,0.37691918,0.17625118,0.25605487,0.87665598,0.44310803,0.18615635,0.29512869,0.60887594,0.12023247,0.82856433,0.053944661,0.51965927,0.34163209,0.27249204,0.12217478,0.51571989,0.41025128,0.16819029,0.11909849,0.1121793,0.54644238,0.23823164,0.23609218,0.30678253,1.1366853,0.43751936,0.040711442,0.60055856,0.13099871,1.0412229,0.55989111,0.63263295,0.52549426,0.6756077,0.65624996,0.31023069,0.12030433,0.50268856,0.52743919,0.65169307,0.18267065,0.36977283,0.68592345,0.39775744,0.098030853,0.2179769,0.77420518,1.0310832,0.6176305,0.17621725,0.12160423,0.42059841,0.73423718,0.22548533,0.27322048,0.14861472,0.93124879,0.38366095,0.53760236,0.019668622,0.15908346,0.18723369,0.021110784,0.030696063,0.42089839,0.34517756,0.53320664,0.51656837,0.25007652,0.62551806,0.62160842,0.87168145,0.34575087,0.9456288,0.60020746,0.41364535,0.004515973,0.21988806,0.071659932,0.26108027,0.42641707,0.9814127,0.058289939,0.10932611,0.19128331,0.045265623,0.19538085,0.13425684,0.2764189,0.30712868,0.92931926,0.041472741,0.67542795,0.36023311,0.086529674,0.20543736,0.060466356,0.20881927,0.19665633,0.22694868,0.09370609,0.044164818,0.0097719713,0.70884701,0.15968843,0.09792344,0.16884909,0.92954069,0.58110001,0.24094588,1.0076095,0.41314701,0.10779446,0.067155369,0.28505154,0.014662754,0.5456986,0.70808649,0.26070209,0.28620779,0.69613846,0.12533072,0.46396898,0.078735975,0.4330517,0.78028313,0.59183725,0.2283011,0.062208641,0.041231103,0.77367364,0.46693512,0.28491775,0.84752832,0.042533471,0.80867422,0.54537521,0.90192869,0.11438834,0.062232519,0.31404235,0.1243768,0.47231438,0.50948317,0.44569474,0.034789154,0.92154533,0.20746442,1.0594526,0.032051665,0.60146399,0.5289631,0.34313934,0.29982638,0.17462753,0.28421289,0.10990915,0.98327272,0.31423599,0.47199506,1.1137126,0.82500966,0.58020665,0.15872404,0.27403599,0.090609958,0.43043355,0.75863012,0.90617622,0.15810868,0.36606278,0.18803211,0.56877466,0.62160089,0.92969241,0.27673575,0.20105731,0.90834022,0.54289199,0.51931689,0.80432921,0.9428337,0.24746873,0.024727962,0.58027539,0.72390928,0.47728147,0.41238498,0.15430323,0.3737532,0.092020565,0.38136543,0.35676286,0.11942533,0.26064263,0.060197185,0.70176854,0.95820527,0.05637521,0.84955535,0.216823,0.67698102,0.013758446,0.67902097,0.30617603,0.84083408,0.35097274,0.23450527,0.33558579,0.30975036,0.055020081,0.58732407,0.53420349,0.064034952,0.37847945,0.10563873,0.82269471,0.14235681,0.063799939,0.43508169,0.028753628,0.73420131,1.1010949,0.41351674,0.24918813,0.71131271,0.42117197,0.10006026,0.56479284,0.056685597,1.0235122,0.06967545,0.99720693,1.1040654,0.64230536,0.1236816,0.14378236,0.13055782,0.38422984,0.38034399,0.25423483,0.96854461,1.0477615,0.5384173,0.18060184,0.44574725,0.32302948,0.34120499,0.068787599,0.78419803,0.30346843,0.14116636,0.33719815,0.43125079,0.6268762
M,1.6832473,1.1875324,1.2400972,2.4052426,1.5613748,1.959135,3.1017161,1.2214442,1.5300591,1.7749244,1.6763801,1.5600313,1.7673889,1.4974535,2.1659483,1.8094306,1.7990488,1.2797085,1.7818066,1.3495734,1.3764946,1.5905673,2.2495721,1.5385866,1.9694762,1.4806522,1.8752874,1.2694014,2.2452132,1.60723,1.6778207,1.336001,1.5918774,2.6561917,1.2808226,3.7929799,1.9099289,1.9419209,1.7962635,2.0491064,2.4561004,3.7960265,1.6806825,2.4062732,1.3704739,1.1369303,2.4835963,3.579042,2.2587305,1.7142925,3.1091647,2.2986714,2.3877806,1.731512,1.849522,2.1247996,1.376309,1.2304618,2.1533032,1.530911,1.6380607,1.56912,1.9905686,1.6749134,1.4522511,2.1462917,1.290485,1.1120882,2.2911185,3.1773596,2.7190995,1.4180762,1.6081213,1.5377021,2.0930528,1.3650227,1.4265097,2.915302,1.3330004,2.0973638,2.1293927,1.7079832,1.8421864,3.2161922,1.4662622,1.5596311,1.3305656,1.1371098,1.4122101,1.6963242,1.1381329,2.2633369,1.7951849,1.4631939,1.0368243,2.1773537,2.3480176,3.4403421,2.6292401,1.529555,1.8243323,2.8823469,3.3494537,2.6025282,1.6643891,2.4312853,3.1981741,2.7469089,1.7451109,2.9951589,2.3486359,1.1360467,2.339395,1.8581915,1.5401846,1.9124303,1.7984375,1.5390625,1.7803141,1.7267878,1.6222421,1.7627951,2.2483787,2.2556847,2.0862794,1.4138207,3.206162,2.1655189,2.8805093,1.3544108,2.6810138,2.3428901,1.4189327,2.40555,1.457102,2.1713292,1.3823198,1.9622405,1.7861427,1.6816325,2.3735461,1.4818049,2.5055534,1.3886906,2.6742286,2.1284325,3.6321528,1.6802092,1.9617433,1.330101,1.4260577,1.7866533,2.0236769,2.2501536,1.6582813,1.9289618,1.9513844,1.6339035,1.7358528,1.8369676,1.6401902,1.5863543,1.2850361,1.3431129,1.7276272,1.280104,1.5697403,2.3398488,2.9309283,2.4373752,2.0846576,2.1040834,2.2288935,2.1134827,1.3143967,1.712886,2.6641493,2.2660503,1.9551821,2.8476954,4.9281761,2.1128888,3.077284,1.9306076,1.6685663,2.8032849,2.4241239,1.7775465,2.5233448,1.6278977,1.4892849,1.1524256,2.5676328,3.483121,1.9006202,3.2982872,1.4275244,3.0162136,2.0440419,1.8954994,2.0878248,1.7032717,3.5078311,1.2570411,1.2732787,3.2704789,1.2071614,1.0963538,1.7831102,1.5749614,2.8801372,2.5114784,1.2456315,1.6341673,1.8313561,1.2172183,2.644364,1.0736065,1.4096127,1.2552099,1.984998,1.2348129,1.7814256,1.6315229,1.3168946,2.220015,2.0227985,1.4869472,2.5315254,1.1139692,1.7354464,2.431998,2.616391,2.901449,1.2014054,2.5937363,1.7565154,1.3467848,1.7513074,1.4457372,1.2946101,2.1981078,2.3903574,1.9277053,1.7540874,1.6063464,2.4473412,2.1570649,1.718792,1.9635475,1.5167806,2.1083222,2.0012701,1.4535803,1.721225,1.9328514,1.2820699,1.7352381,1.5223863,2.0373164,1.1310801,1.2458793,2.0127868,1.1973527,2.2667848,1.6270702,1.9035921,2.7423085,1.1536889,1.7264903,1.7456427,2.6944971,2.3939582,1.1013745,1.9375355,1.8067683,2.6138955,2.106525,1.7109686,2.0375238,1.6846464,1.7699425,1.5891684,2.5645033,1.6781747,1.1471268,2.2933406,2.4328456,1.934834,1.3151185,1.2556497,1.2575624,1.7478951,1.9085653,2.3896891,1.6143108,2.0541137,1.7048307,1.5094192,1.4078156,1.1992876,3.1283704,1.9685604,1.5022395,1.9198676,1.2363863,2.129592,1.9452105,2.2229443,2.4099087,2.1103192,1.2749338,1.8780097,1.6287654,1.3342568,1.7405108,1.7330529,1.1961777,1.4844988,1.5327244,1.566583,1.4467371,1.1618476,1.8822669,1.1324607,2.25022,1.3676958,1.5800965,3.2923424,1.1620664,2.1692095,1.7819946,1.5197572,1.766098,1.8515205,1.8484735,2.8481424,4.282038,1.6584015,1.6604226,1.8278127,1.5305226,1.8712326,1.4899605,2.1962981,2.7252872,1.5560889,1.6403565,2.3437963,1.6123267
N,1.8223188,1.8027518,1.6299027,1.6831151,1.7829609,1.6749691,1.6652561,1.6181167,1.758428,1.7320006,1.6048458,1.7403593,1.7523728,1.6820123,1.6160598,1.7744789,1.7181057,1.7453691,1.8371557,1.7098857,1.6872149,1.7333604,1.8067752,1.6957805,1.7413593,1.7734535,1.6565305,1.7558779,1.7458373,1.6742542,1.632433,1.6795943,1.6700938,1.6585062,1.6704296,1.7740214,1.6613699,1.7387344,1.6759229,1.6655636,1.6826718,1.6870121,1.731843,1.7785959,1.6538298,1.7217657,1.709202,1.6924778,1.7549116,1.8520142,1.8944634,1.6801846,1.7689989,1.7217927,1.7603628,1.7894793,1.6772699,1.8340073,1.6589236,1.8280776,1.7498141,1.6375285,1.7296629,1.7080455,1.7867335,1.7598376,1.7230844,1.7485484,1.8009227,1.7371219,1.6916322,1.7243907,1.7969491,1.9405696,1.8420785,1.7015346,1.7687202,1.7108888,1.7089035,1.6920123,1.7243847,1.7383045,1.6948698,1.7576821,1.6908436,1.7222287,1.6543658,1.6814437,1.6515436,1.6260186,1.70263,1.6775351,1.7095407,1.7320453,1.7471778,1.7674565,1.7197791,1.663091,1.7157541,1.6390215,1.9230942,1.692979,1.7700267,1.8583945,1.7404636,1.7793114,1.7583819,1.7909699,1.6695079,1.7224803,1.6730882,1.7609242,1.7448498,1.7435132,1.7792939,1.8048881,1.688199,1.7841137,1.7875227,1.6336623,1.6931183,1.7942384,1.7044024,1.745269,1.7544133,1.7116041,1.7477712,1.6980607,1.7435537,1.6910839,1.8097682,1.7185611,1.6321334,1.7277502,1.7507822,1.7508007,1.6412265,1.7146397,1.6283613,1.7271494,1.8759737,1.7310533,1.7099092,1.8643193,1.8004389,1.6875299,1.7961902,1.8196209,1.792417,1.8947912,1.7283057,1.7196938,1.739951,1.6630741,1.7551395,1.6761781,1.6724081,1.7577162,1.6967598,1.8000945,1.6282746,1.7000545,1.7883109,1.7392866,1.742875,1.8058439,1.735828,1.6827301,1.9397135,1.7324861,1.7256354,1.7476152,1.7353658,1.7246216,1.7168378,1.7267515,1.7589811,1.7358724,1.9040763,1.7082793,1.7431888,1.7689003,2.0260301,1.7764317,1.7072005,1.6963687,1.8293181,1.767539,1.6792587,1.7186443,1.7380419,1.7237108,1.7623741,1.7028091,1.8195572,1.7712005,1.7329837,1.744979,1.7169656,1.6838888,1.654086,1.8252008,1.7365837,1.6568637,1.7172223,1.793241,1.7532787,1.6702391,1.7034292,1.6992902,1.712778,1.7171561,1.7101281,1.7047206,1.6634089,1.6334331,1.682229,1.6894989,1.7624234,1.7830794,1.6594402,1.7217275,1.7577477,1.6761908,1.7424892,1.7516044,1.6983356,1.7203891,1.7153561,1.7278021,1.717755,1.7184191,1.7053485,1.8177558,1.6755498,1.7792078,1.6303814,1.7987983,1.6809105,1.7775799,1.6317821,1.6890108,1.8156803,1.7437692,1.74612,1.7264936,1.7531736,1.8200956,1.7237388,1.7588022,1.7192083,1.7791884,1.794856,1.8206895,1.6812648,1.7924871,1.7208017,1.6780161,1.675373,1.7500898,1.7023161,1.8399168,1.7194411,1.7856641,1.7432051,1.6881732,1.7614785,1.8809875,1.7336981,1.7046338,1.8252134,1.6883225,1.6841474,1.7465825,1.6895317,1.7628221,1.6745356,1.6632766,1.688555,1.7353585,1.7127903,1.7017865,1.6953133,1.8176389,1.6845577,1.7188962,1.6522707,1.913786,1.8019068,1.8818806,1.7329592,1.7512306,1.7724931,1.8092014,1.7286579,1.7479098,1.7612176,1.6929546,1.7002803,1.7974623,1.6394384,1.7523742,1.7345572,1.6974556,1.6806877,1.741184,1.7558488,1.6755868,1.7045641,1.6328038,1.7513466,1.8529525,1.7651868,1.6735279,1.780081,1.7658682,1.7074144,1.6853686,1.7756097,1.7072726,1.7263703,1.8194018,1.694874,1.8382902,1.7241111,1.6367819,1.7653436,1.7099873,1.7520889,1.6756171,1.7415418,1.8160318,1.7674301,1.716902,1.7309339,1.7737589,1.7497064,1.7116696,1.6478209,1.7433274,1.7850455,1.696816,1.7392059,1.7736288,1.7623598,1.696748,1.7020071,1.7871802,1.8676339,1.6399476,1.7455529,1.65338,1.6843631,1.6845918,1.8231711,1.6975253,1.7806544,1.6581121,1.7533756,1.7081483,1.7549306,1.8075372,1.8066297,1.6983453,1.694506,1.6628309,1.7756732,1.6603177,1.7940236,1.7220408,1.628074,1.8847572,1.7561955,1.7324399,1.7379566,1.6858472,1.8073636,1.6729134,1.7948573,1.6654085,1.699159
O,2.0115144,2.0798931,2.0832767,2.3802658,2.095352,2.0628088,2.0537147,2.0078964,2.1019026,2.0050922,2.1483116,2.0366707,2.0269906,2.0109945,2.2447471,2.0706634,2.3221716,2.0192431,2.0326481,2.0337798,2.1249036,2.5853388,2.1955505,2.1434017,2.096929,2.0406886,2.0096388,2.1810769,2.0478792,2.0740207,2.1114925,2.0071592,2.391324,2.0749962,2.2188873,2.1295816,2.0443218,2.0430291,2.0467373,2.273522,2.2849418,2.0019786,2.2733214,2.0945318,2.1347619,2.1546643,2.0185589,2.0270772,2.0797449,2.0703897,2.0584027,2.1485751,2.1831315,2.1205,2.0914395,2.1510104,2.4180094,2.3688212,2.1226113,2.2612448,2.2959202,2.427414,2.2336183,2.3041935,2.0080568,2.0590736,2.1623488,2.1752,2.5176271,2.1221778,2.084716,2.0195454,2.1796295,2.1299927,2.2736529,2.1719544,2.0190423,2.0684988,2.0797934,2.0870944,2.0197618,2.1608972,2.0616444,2.1027446,2.1827433,2.0606231,2.384789,2.2095456,2.2321249,2.1390091,2.1629533,2.0743282,2.0777866,2.1963638,2.1254164,2.2110704,2.0099246,2.1973457,2.1834771,2.3086574,2.2654463,2.0485809,2.1803549,2.22509,2.0031128,2.1250908,2.5291485,2.1031314,2.0357723,2.0030791,2.0716658,2.3817968,2.086678,2.2000548,2.0688882,2.252806,2.4245447,2.0372528,2.1781571,2.015322,2.0065842,2.1637723,2.1964325,2.291284,2.0508745,2.10059,2.1636687,2.0873939,2.2465068,2.2976352,2.2180554,2.3112849,2.2658248,2.0370729,2.4977687,2.0429409,2.1753257,2.0146026,2.0770755,2.0132209,2.1571386,2.0063099,2.2249447,2.1713578,2.2678698,2.3076775,2.0450828,2.1404251,2.3252016,2.0005157,2.0513048,2.0356266,2.2394111,2.0547602,2.1010483,2.0970696,2.1377039,2.2908142,2.0032394,2.1236071,2.4014931,2.506786,2.120638,2.1282586,2.119622,2.0146975,2.1807376,2.2249377,2.1018931,2.0576162,2.5241218,2.0307044,2.1008365,2.180358,2.0479688,2.225132,2.1358238,2.024305,2.42045,2.0464598,2.0926568,2.0275261,2.0128209,2.0689335,2.1575934,2.2145567,2.0453694,2.2957201,2.0181653,2.0162817,2.0263259,2.1216235,2.3412727,2.2161481,2.1152786,2.0883763,2.2394398,2.4778298,2.1889688,2.115454,2.332376,2.1312064,2.0547115,2.1165985,2.0758675,2.146152,2.0142022,2.127151,2.1468081,2.0866708,2.0538147,2.1170498,2.2134367,2.1846794,2.2952685,2.3277631,2.2101297,2.1672873,2.256326,2.045255,2.1654661,2.0273274,2.1490525,2.0162164,2.2245103,2.0101159,2.1003351,2.0700182,2.0114049,2.0525719,2.0139053,2.1270163,2.1269883,2.2326932,2.2080316,2.1343856,2.2504523,2.0470099,2.2154272,2.0359479,2.0191066,2.2852045,2.0028348,2.2010336,2.0856519,2.0845552,2.0713164,2.3337334,2.0044087,2.0191988,2.1069105,2.1521265,2.1333659,2.1058392,2.130706,2.0424494,2.0186546,2.2138139,2.1182854,2.0821875,2.0136288,2.244653,2.0740385,2.1412108,2.2405297,2.1786038,2.0157237,2.1084463,2.0040231,2.118067,2.0235378,2.047237,2.0312536,2.1004423,2.3340588,2.020912,2.4137778,2.0095954,2.1292467,2.258779,2.4446166,2.7344782,2.0019153,2.0068449,2.1570238,2.1085181,2.5216249,2.1065432,2.036132,2.0851594,2.1369336,2.1355946,2.1788055,2.0258836,2.0071084,2.2095182,2.0993657,2.5097123,2.2240243,2.0986315,2.2463951,2.1580761,2.0232567,2.025025,2.2105257,2.0312752,2.0916979,2.2905927,2.0729249,2.0975774,2.18388,2.1463443,2.2679107,2.0863221,2.0161811,2.1101338,2.0273515,2.2258546,2.1367546,2.0625248,2.2020964,2.2101371,2.2406365,2.0912309,2.013086,2.3277647,2.0058347,2.2186061,2.1420503,2.4367118,2.3957878
